path,sources,lastmod,expected
/,local-sitemap.xml;page-sitemap.xml;sitemap-pages.xml;staging-sitemap,2026-08-07,
/100-meter-clinic-marketing/,post-sitemap1.xml;sitemap-posts.xml,2026-07-12,
/3d-printing-medicine-in-action-advancing-personalized-healthcare-solutions/,post-sitemap2.xml;sitemap-posts-2.xml,2025-05-01,
/5g-telehealth-transforming-virtual-care-with-speed-and-accessibility/,post-sitemap2.xml;sitemap-posts-2.xml,2025-05-03,
/abdm-compliance/,post-sitemap1.xml;sitemap-posts.xml,2026-08-03,
/about-us/,page-sitemap.xml;sitemap-pages.xml;staging-sitemap,2026-07-28,
/advanced-ai-tools-for-cardiology-clinics/,post-sitemap2.xml;sitemap-posts.xml,2025-09-29,
/advanced-eye-surgery-machines-in-india/,post-sitemap2.xml;sitemap-posts-2.xml,2025-09-02,
/advanced-financial-analytics-improving-profitability-of-malaysian-healthcare-practices/,post-sitemap2.xml;sitemap-posts-2.xml,2025-05-22,
/advancing-surgical-precision-how-ar-surgery-is-shaping-healthcare-innovation/,post-sitemap2.xml;sitemap-posts-2.xml,2025-05-04,
/aesthetic-emr-software/,page-sitemap.xml;redirects.yaml;sitemap-pages.xml;staging-sitemap,2026-05-14,
/agentic-ai-for-oncology/,post-sitemap1.xml;sitemap-posts.xml,2026-07-12,
/ai-allergy-clinic-software/,post-sitemap1.xml;sitemap-posts.xml,2026-07-12,
/ai-and-robotics-in-healthcare/,post-sitemap1.xml;sitemap-posts.xml,2026-08-03,
/ai-appointment-scheduling/,post-sitemap1.xml;sitemap-posts.xml,2026-08-03,
/ai-assisted-surgery-for-diabetes/,post-sitemap1.xml;sitemap-posts.xml,2025-12-19,
/ai-automation-in-radiology/,post-sitemap2.xml;sitemap-posts.xml,2025-10-22,
/ai-billing-automation-for-surgery/,post-sitemap1.xml;sitemap-posts.xml,2026-02-12,
/ai-cancer-detection/,post-sitemap1.xml;sitemap-posts-2.xml,2026-07-12,
/ai-chatbots-for-ophthalmology/,post-sitemap1.xml;sitemap-posts.xml,2025-12-17,
/ai-chatbots-for-pediatric/,post-sitemap1.xml;sitemap-posts.xml,2026-07-12,
/ai-clinic-automation-for-nephrologists/,post-sitemap2.xml;sitemap-posts.xml,2025-11-03,
/ai-clinic-management-systems-for-diabetologists/,post-sitemap2.xml;sitemap-posts.xml,2025-11-12,
/ai-clinical-decision-support/,post-sitemap1.xml;sitemap-posts.xml,2026-08-03,
/ai-clinical-trials-transforming-the-future-of-medical-research/,post-sitemap2.xml;sitemap-posts-2.xml,2025-05-01,
/ai-copilots-for-endocrinology/,post-sitemap1.xml;sitemap-posts.xml,2025-12-20,
/ai-diagnostics-radiology-2026/,post-sitemap2.xml;sitemap-posts.xml,2025-12-12,
/ai-driven-dental-automation/,post-sitemap2.xml;sitemap-posts.xml,2025-12-16,
/ai-driven-diagnostic-support-transforming-patient-outcomes/,post-sitemap2.xml;sitemap-posts-2.xml,2025-05-22,
/ai-driven-inventory-management/,post-sitemap1.xml;sitemap-posts.xml,2026-08-01,
/ai-driven-predictive-analytics-for-chronic-disease-management-in-india/,post-sitemap2.xml;sitemap-posts-2.xml,2025-05-22,
/ai-drug-discovery/,post-sitemap1.xml;sitemap-posts-2.xml,2025-12-30,
/ai-emr-revenue-growth/,post-sitemap1.xml;sitemap-posts.xml,2026-08-03,
/ai-emr-software-for-radiology-clinics/,post-sitemap2.xml;sitemap-posts.xml,2025-09-25,
/ai-emr-software-vs-traditional-emr/,post-sitemap1.xml;sitemap-posts.xml,2026-08-03,
/ai-emr-solutions-rwanda/,post-sitemap1.xml;sitemap-posts-2.xml,2026-07-12,
/ai-enabled-telemedicine-solutions-the-future-of-digital-healthcare/,post-sitemap1.xml;sitemap-posts-2.xml,2026-07-12,
/ai-for-clinic-growth/,post-sitemap1.xml;sitemap-posts.xml,2026-08-03,
/ai-for-dental-clinic-management-revolutionizing-patient-care-with-easy-clinic/,post-sitemap2.xml;sitemap-posts-2.xml,2025-02-13,
/ai-for-diabetologists-the-future-of-diabetes-care-with-advanced-technology/,post-sitemap3.xml;sitemap-posts-2.xml,2025-02-13,
/ai-for-malaria-and-infectious-disease-management-empowering-nigerian-healthcare-providers/,post-sitemap2.xml;sitemap-posts-2.xml,2025-05-22,
/ai-for-urology-clinics/,post-sitemap2.xml;sitemap-posts.xml,2025-12-08,
/ai-gynaecology-equipment-in-india/,post-sitemap2.xml;sitemap-posts.xml,2025-09-17,
/ai-in-cardiology-clinics/,post-sitemap2.xml;sitemap-posts-2.xml,2025-09-01,
/ai-in-cardiology-emr-precision-heart-care/,post-sitemap2.xml;sitemap-posts-2.xml,2025-03-11,
/ai-in-chronic-care-managing-long-term-conditions/,post-sitemap2.xml;sitemap-posts-2.xml,2025-03-06,
/ai-in-chronic-disease/,post-sitemap1.xml;sitemap-posts.xml,2026-08-03,
/ai-in-clinic-data-security-protecting-patient-privacy/,post-sitemap2.xml;sitemap-posts-2.xml,2025-03-12,
/ai-in-clinic-staff-coordination-optimizing-teamwork/,post-sitemap2.xml;sitemap-posts-2.xml,2025-03-10,
/ai-in-clinics-2026/,post-sitemap1.xml;sitemap-posts.xml,2026-08-03,
/ai-in-dermatology-emr-simplifying-skin-care-records/,post-sitemap2.xml;sitemap-posts-2.xml,2025-03-14,
/ai-in-diagnostic-accuracy-reducing-clinical-errors/,post-sitemap2.xml;sitemap-posts-2.xml,2025-03-06,
/ai-in-echocardiography/,post-sitemap2.xml;sitemap-posts-2.xml,2025-08-30,
/ai-in-eye-surgery/,post-sitemap2.xml;sitemap-posts.xml,2025-09-03,
/ai-in-follow-up-automation-improving-patient-adherence/,post-sitemap2.xml;sitemap-posts-2.xml,2025-03-16,
/ai-in-gynecology-emr-empowering-womens-health/,post-sitemap2.xml;sitemap-posts-2.xml,2025-03-06,
/ai-in-health-care-diagnosis/,post-sitemap1.xml;sitemap-posts-2.xml,2025-12-30,
/ai-in-health-data-analytics-smarter-insights-for-clinics/,post-sitemap1.xml;sitemap-posts-2.xml,2026-07-12,
/ai-in-healthcare-specialities/,post-sitemap1.xml;sitemap-posts.xml,2026-08-03,
/ai-in-healthcare/,post-sitemap2.xml;sitemap-posts.xml,2025-09-08,
/ai-in-imaging-diagnostics-transforming-accuracy-and-speed-in-patient-care/,post-sitemap2.xml;sitemap-posts-2.xml,2025-05-04,
/ai-in-ivf/,post-sitemap1.xml;sitemap-posts.xml,2026-07-28,
/ai-in-maternal-health-reducing-maternal-mortality-rates-in-uganda/,post-sitemap2.xml;sitemap-posts-2.xml,2025-05-22,
/ai-in-multi-location-clinics-streamlining-operations-across-branches/,post-sitemap2.xml;sitemap-posts-2.xml,2025-03-10,
/ai-in-multilingual-prescriptions-bridging-language-gaps/,post-sitemap2.xml;sitemap-posts-2.xml,2025-03-06,
/ai-in-orthodontics/,post-sitemap2.xml;sitemap-posts.xml,2025-09-09,
/ai-in-orthopedic-emr-enhancing-bone-health-care/,post-sitemap2.xml;sitemap-posts-2.xml,2025-03-10,
/ai-in-paediatric-clinic/,post-sitemap1.xml;sitemap-posts.xml,2026-07-12,
/ai-in-paperless-clinics-cutting-administrative-clutter/,post-sitemap2.xml;sitemap-posts-2.xml,2025-03-11,
/ai-in-patient-triage-speeding-up-emergency-care/,post-sitemap2.xml;sitemap-posts-2.xml,2025-03-06,
/ai-in-pediatric-emr-tracking-child-health-made-easy/,post-sitemap2.xml;sitemap-posts-2.xml,2025-03-06,
/ai-in-preventive-care-analytics-predicting-health-risks/,post-sitemap2.xml;sitemap-posts-2.xml,2025-03-10,
/ai-in-psychiatric-emr-supporting-mental-wellness/,post-sitemap2.xml;sitemap-posts-2.xml,2025-03-14,
/ai-in-radiology-workflows-enhancing-imaging-efficiency/,post-sitemap1.xml;sitemap-posts-2.xml,2026-07-12,
/ai-in-radiology/,post-sitemap1.xml;sitemap-posts.xml,2026-08-03,
/ai-in-referral-management-enhancing-care-coordination-for-better-patient-outcomes/,post-sitemap2.xml;sitemap-posts-2.xml,2025-03-06,
/ai-in-surgical-emr-streamlining-operative-care/,post-sitemap2.xml;sitemap-posts-2.xml,2025-03-10,
/ai-in-telemedicine/,post-sitemap1.xml;sitemap-posts.xml,2026-08-27,
/ai-informed-patients/,post-sitemap1.xml;sitemap-posts.xml,2026-08-03,
/ai-medical-billing/,post-sitemap1.xml;sitemap-posts.xml,2026-08-03,
/ai-medical-imaging/,post-sitemap1.xml;sitemap-posts.xml,2026-08-03,
/ai-medical-records/,post-sitemap1.xml;sitemap-posts.xml,2026-08-03,
/ai-medical-scribes/,post-sitemap1.xml;sitemap-posts.xml,2026-08-03,
/ai-patient-engagement/,post-sitemap1.xml;sitemap-posts.xml,2026-08-03,
/ai-patient-intake/,post-sitemap1.xml;sitemap-posts.xml,2026-08-03,
/ai-patient-portals/,post-sitemap1.xml;sitemap-posts.xml,2026-08-03,
/ai-personalized-healthcare-delivering-tailored-treatment-plans-for-every-patient/,post-sitemap1.xml;sitemap-posts-2.xml,2026-07-12,
/ai-powered-medical-billing-software-transforming-healthcare-finance/,post-sitemap1.xml;sitemap-posts-2.xml,2026-08-27,
/ai-powered-scheduling-transforming-clinic-efficiency-and-reducing-wait-times/,post-sitemap2.xml;sitemap-posts-2.xml,2025-05-22,
/ai-precision-treatment-in-gynaecology/,post-sitemap1.xml;sitemap-posts.xml,2026-07-12,
/ai-prescription-errors/,post-sitemap1.xml;sitemap-posts.xml,2026-08-03,
/ai-radiology-equipment-in-india/,post-sitemap2.xml;sitemap-posts.xml,2025-09-11,
/ai-radiology-equipment-suppliers-in-india/,post-sitemap2.xml;sitemap-posts.xml,2025-09-13,
/ai-receptionist-for-clinics/,post-sitemap1.xml;sitemap-posts.xml,2026-08-03,
/ai-remote-monitoring-for-ivf/,post-sitemap1.xml;sitemap-posts.xml,2025-12-18,
/ai-robotics-software-for-gynaecology/,post-sitemap2.xml;sitemap-posts.xml,2025-10-25,
/ai-software-for-aesthetic-clinics/,post-sitemap2.xml;sitemap-posts.xml,2025-10-03,
/ai-software-for-dental-clinics/,post-sitemap2.xml;sitemap-posts.xml,2025-10-10,
/ai-software-for-dermatology-clinics/,post-sitemap2.xml;sitemap-posts.xml,2025-09-27,
/ai-software-for-ent-clinics/,post-sitemap2.xml;sitemap-posts.xml,2025-10-08,
/ai-software-for-ophthalmology-clinics/,post-sitemap2.xml;sitemap-posts.xml,2025-10-07,
/ai-software-for-orthopaedic-clinics/,post-sitemap2.xml;sitemap-posts.xml,2025-10-06,
/ai-software-for-pediatric-clinics/,post-sitemap2.xml;sitemap-posts.xml,2025-10-10,
/ai-software-for-pulmonology-clinics/,post-sitemap2.xml;sitemap-posts.xml,2025-10-16,
/ai-software-for-urology-clinics/,post-sitemap2.xml;sitemap-posts.xml,2025-10-11,
/ai-surgery-clinic-software/,post-sitemap2.xml;sitemap-posts.xml,2025-12-05,
/ai-tools-for-diabetology-clinics/,post-sitemap2.xml;sitemap-posts.xml,2025-09-30,
/ai-tools-for-doctors/,post-sitemap1.xml;sitemap-posts.xml,2026-08-03,
/ai-tools-for-gynaecology-and-fertility-clinics/,post-sitemap2.xml;sitemap-posts.xml,2025-10-13,
/ai-tools-for-nephrology-clinics/,post-sitemap2.xml;sitemap-posts.xml,2025-10-14,
/ai-tools-for-neurology-clinics/,post-sitemap2.xml;sitemap-posts.xml,2025-10-15,
/ai-tools-in-pathology/,post-sitemap2.xml;sitemap-posts.xml,2025-10-01,
/ai-virtual-assistants-for-clinics/,post-sitemap1.xml;sitemap-posts.xml,2026-08-03,
/ai-vs-traditional-eye-surgery/,post-sitemap2.xml;sitemap-posts.xml,2025-09-03,
/ai/,page-sitemap.xml;sitemap-pages.xml;staging-sitemap,2026-04-20,
/allergy-emr-software/,page-sitemap.xml;redirects.yaml;sitemap-pages.xml;staging-sitemap,2026-05-14,
/alternative-medicine-clinic-management-software/,post-sitemap1.xml;sitemap-posts.xml,2026-07-12,
/alternative-medicine/,page-sitemap.xml;redirects.yaml;sitemap-pages.xml;staging-sitemap,2026-05-15,
/appointment-scheduling-at-easy-clinic/,page-sitemap.xml;redirects.yaml;sitemap-pages.xml;staging-sitemap,2026-05-15,
/ar-glasses-for-ivf-clinics/,post-sitemap1.xml;sitemap-posts.xml,2025-12-30,
/augmented-healthcare-for-surgery/,post-sitemap1.xml;sitemap-posts.xml,2025-12-24,
/author/akshaychandel/,known:archive,,
/automated-compliance-and-reporting-solutions-aligning-with-rwandas-healthcare-standards/,post-sitemap2.xml;sitemap-posts-2.xml,2025-05-22,
/automated-documentation-for-dermatology/,post-sitemap1.xml;sitemap-posts.xml,2026-07-12,
/automated-workflows-for-cosmetic/,post-sitemap1.xml;sitemap-posts.xml,2026-01-19,
/autonomous-healthcare-robots/,post-sitemap1.xml;sitemap-posts.xml,2026-08-03,
/avoiding-revenue-leaks-top-billing-mistakes-clinics-must-avoid/,post-sitemap2.xml;sitemap-posts-2.xml,2025-05-12,
/ayurveda-clinic-management-software/,post-sitemap1.xml;sitemap-posts.xml,2026-07-12,
/ayurveda-emr-software/,page-sitemap.xml;redirects.yaml;sitemap-pages.xml;staging-sitemap,2026-08-06,
/benefits-of-offering-online-patient-portals/,post-sitemap2.xml;sitemap-posts-2.xml,2025-05-12,
/best-clinic-management-software-ethiopia/,page-sitemap.xml;redirects.yaml;staging-sitemap,2026-09-09,
/best-clinic-management-software-fiji/,page-sitemap.xml;redirects.yaml;staging-sitemap,2026-09-09,
/best-clinic-management-software-ghana/,page-sitemap.xml;redirects.yaml;staging-sitemap,2026-08-25,
/best-clinic-management-software-india-new/,page-sitemap.xml;redirects.yaml,2026-09-22,
/best-clinic-management-software-india/,page-sitemap.xml;staging-sitemap,2026-08-25,
/best-clinic-management-software-kenya-new/,page-sitemap.xml;redirects.yaml,2026-09-26,
/best-clinic-management-software-kenya/,page-sitemap.xml;sitemap-pages.xml;staging-sitemap,2026-08-08,
/best-clinic-management-software-malaysia/,page-sitemap.xml;redirects.yaml,2026-09-14,
/best-clinic-management-software-maldives/,page-sitemap.xml;redirects.yaml;staging-sitemap,2026-09-01,
/best-clinic-management-software-mauritius/,page-sitemap.xml;redirects.yaml;staging-sitemap,2026-08-25,
/best-clinic-management-software-nigeria/,page-sitemap.xml;staging-sitemap,2026-09-01,
/best-clinic-management-software-qatar/,page-sitemap.xml;redirects.yaml;staging-sitemap,2026-09-12,
/best-clinic-management-software-rwanda/,page-sitemap.xml;redirects.yaml;staging-sitemap,2026-08-25,
/best-clinic-management-software-seychelles/,page-sitemap.xml;redirects.yaml;staging-sitemap,2026-09-09,
/best-clinic-management-software-somalia/,page-sitemap.xml;redirects.yaml;staging-sitemap,2026-09-12,
/best-clinic-management-software-south-africa/,page-sitemap.xml;redirects.yaml;staging-sitemap,2026-09-09,
/best-clinic-management-software-suriname/,page-sitemap.xml;redirects.yaml;staging-sitemap,2026-09-12,
/best-clinic-management-software-tanzania/,page-sitemap.xml;redirects.yaml;staging-sitemap,2026-09-09,
/best-clinic-management-software-trinidad-and-tobago/,page-sitemap.xml;redirects.yaml;staging-sitemap,2026-09-09,
/best-clinic-management-software-uae/,page-sitemap.xml;staging-sitemap,2026-09-12,
/best-clinic-management-software-uganda-new/,page-sitemap.xml,2026-09-26,
/best-clinic-management-software-uganda/,page-sitemap.xml;redirects.yaml;staging-sitemap,2026-08-25,
/best-dental-equipment-in-india/,post-sitemap2.xml;sitemap-posts.xml,2025-09-04,
/best-healthcare-crm-systems-for-healthcare-providers/,post-sitemap2.xml;sitemap-posts-2.xml,2025-05-03,
/bi-and-reporting-software-for-clinics/,post-sitemap2.xml;sitemap-posts.xml,2025-09-23,
/billing-fraud-detection-for-clinics/,post-sitemap1.xml;sitemap-posts.xml,2026-07-12,
/blog/,known:archive,,
/blogs/,page-sitemap.xml;redirects.yaml;sitemap-pages.xml;staging-sitemap,2026-07-23,
/blogs/billing-that-balances-the-till/,staging-sitemap,,
/blogs/cura-ai-copilot-for-busy-clinicians/,staging-sitemap,,
/blogs/cut-no-shows-with-smarter-scheduling/,staging-sitemap,,
/blogs/go-paperless-without-losing-speed/,staging-sitemap,,
/blogs/inventory-and-pharmacy-without-stockouts/,staging-sitemap,,
/blogs/patient-engagement-beyond-appointment-sms/,staging-sitemap,,
/bpl-cardiart-9108d-vs-mindray-m7/,post-sitemap2.xml;sitemap-posts-2.xml,2025-09-01,
/breaking-the-burnout-cycle-how-clinic-automation-helps-doctors-reclaim-time-and-focus/,post-sitemap2.xml;sitemap-posts-2.xml,2025-05-12,
/building-a-strong-team-top-hr-strategies-for-clinic-staff-retention/,post-sitemap2.xml;sitemap-posts-2.xml,2025-05-12,
/building-clinical-consistency-must-have-sops-for-efficient-healthcare-operations/,post-sitemap2.xml;sitemap-posts-2.xml,2025-05-12,
/cardiology-emr/,page-sitemap.xml;sitemap-pages.xml;staging-sitemap,2026-05-15,
/cardiology-equipment-in-india/,post-sitemap1.xml;sitemap-posts-2.xml,2026-07-12,
/careers/,page-sitemap.xml;sitemap-pages.xml;staging-sitemap,2026-07-28,
/category/ai/,known:archive,,
/category/bi-software/,known:archive,,
/category/billing-software/,known:archive,,
/category/cardiology-equipments/,known:archive,,
/category/clinic-management-software/,known:archive,,
/category/clinic-marketing/,known:archive,,
/category/dental-equipments/,known:archive,,
/category/easyclinic/,known:archive,,
/category/emr-medical-software/,known:archive,,
/category/eye-surgery-equipments/,known:archive,,
/category/guides/,known:archive,,
/category/radiology-emr/,known:archive,,
/category/telemedicine-software/,known:archive,,
/category/whatsapp-clinic/,known:archive,,
/ceo-landing-page/,page-sitemap.xml;redirects.yaml;sitemap-pages.xml;staging-sitemap,2025-01-19,
/cfo-landing-page/,page-sitemap.xml;redirects.yaml;sitemap-pages.xml;staging-sitemap,2025-01-19,
/chatbots-for-patient-pre-screening-benefits-and-challenges/,post-sitemap2.xml;sitemap-posts-2.xml,2025-05-12,
/choosing-the-right-practice-management-software-a-clinics-guide-to-streamlined-success/,post-sitemap2.xml;sitemap-posts-2.xml,2025-05-12,
/clinic-automation-for-gynaecologists/,post-sitemap2.xml;sitemap-posts.xml,2025-10-31,
/clinic-automation-in-uganda/,post-sitemap1.xml;redirects.yaml;sitemap-posts-2.xml,2026-07-12,
/clinic-branding/,post-sitemap1.xml;sitemap-posts.xml,2026-07-12,
/clinic-break-even-point/,post-sitemap1.xml;sitemap-posts.xml,2026-07-12,
/clinic-business-in-tier-2-cities/,post-sitemap1.xml;sitemap-posts.xml,2026-07-12,
/clinic-cash-flow/,post-sitemap1.xml;sitemap-posts.xml,2026-08-27,
/clinic-chain-software/,page-sitemap.xml;redirects.yaml;sitemap-pages.xml,2026-05-15,
/clinic-compliance-checklist/,post-sitemap1.xml;sitemap-posts.xml,2026-08-03,
/clinic-compliance-laws-in-india/,post-sitemap1.xml;sitemap-posts.xml,2026-04-30,
/clinic-efficiency-in-malaysia/,post-sitemap1.xml;sitemap-posts-2.xml,2026-07-12,
/clinic-financial-mistakes/,post-sitemap1.xml;sitemap-posts.xml,2026-07-12,
/clinic-growth-in-africa/,post-sitemap1.xml;sitemap-posts.xml,2026-07-12,
/clinic-growth-without-discounts/,post-sitemap1.xml;sitemap-posts.xml,2026-07-12,
/clinic-in-ethiopia/,post-sitemap1.xml;sitemap-posts-2.xml,2026-01-13,
/clinic-in-india/,post-sitemap1.xml;sitemap-posts-2.xml,2026-09-10,
/clinic-in-malaysia/,post-sitemap1.xml;sitemap-posts-2.xml,2026-09-10,
/clinic-in-nigeria/,post-sitemap1.xml;sitemap-posts-2.xml,2026-07-12,
/clinic-in-rwanda/,post-sitemap1.xml;sitemap-posts-2.xml,2026-01-13,
/clinic-in-uganda/,post-sitemap1.xml;sitemap-posts-2.xml,2026-01-17,
/clinic-inventory-management-system/,post-sitemap1.xml;sitemap-posts.xml,2026-01-09,
/clinic-legal-mistakes/,post-sitemap1.xml;sitemap-posts.xml,2026-07-12,
/clinic-management-for-gastroenterologists/,post-sitemap2.xml;sitemap-posts.xml,2025-11-10,
/clinic-management-in-india/,post-sitemap1.xml;sitemap-posts-2.xml,2026-07-12,
/clinic-management-software-for-general-practitioners/,post-sitemap1.xml;sitemap-posts.xml,2026-07-12,
/clinic-management-software-for-gynaecology/,post-sitemap2.xml;sitemap-posts.xml,2025-09-24,
/clinic-management-software-for-neurologists/,post-sitemap2.xml;sitemap-posts.xml,2025-10-29,
/clinic-management-software-for-orthopaedic/,post-sitemap2.xml;sitemap-posts.xml,2025-10-28,
/clinic-management-software-for-paediatric/,post-sitemap2.xml;sitemap-posts.xml,2025-10-30,
/clinic-management-software-for-psychology/,post-sitemap2.xml;sitemap-posts.xml,2025-12-06,
/clinic-management-software-for-rheumatology/,post-sitemap2.xml;sitemap-posts.xml,2025-12-04,
/clinic-management-software/,post-sitemap2.xml;sitemap-posts.xml,2025-09-18,
/clinic-management-system-for-aesthetic-clinics/,post-sitemap2.xml;sitemap-posts.xml,2025-11-17,
/clinic-management-system-for-cosmetologists/,post-sitemap2.xml;sitemap-posts.xml,2025-11-13,
/clinic-management-system-for-endocrinologists/,post-sitemap2.xml;sitemap-posts.xml,2025-11-19,
/clinic-management-system-for-general-medicine/,post-sitemap2.xml;sitemap-posts.xml,2025-11-05,
/clinic-management-system-for-ivf-clinics/,post-sitemap1.xml;sitemap-posts.xml,2026-07-12,
/clinic-management-system-for-radiologists/,post-sitemap2.xml;sitemap-posts.xml,2025-11-06,
/clinic-management-systems-for-cardiologists/,post-sitemap2.xml;sitemap-posts.xml,2025-11-08,
/clinic-management-systems-for-dermatologists/,post-sitemap2.xml;sitemap-posts.xml,2025-11-07,
/clinic-management-systems-for-ophthalmologists/,post-sitemap2.xml;sitemap-posts.xml,2025-11-11,
/clinic-marketing-strategy/,post-sitemap1.xml;sitemap-posts.xml,2026-07-12,
/clinic-setup-cost-in-india/,post-sitemap1.xml;sitemap-posts.xml,2026-07-22,
/clinic-software-migration/,post-sitemap1.xml;sitemap-posts.xml,2026-07-12,
/clinic-workflow-automation/,post-sitemap1.xml;sitemap-posts.xml,2026-08-03,
/clinical-governance-software/,post-sitemap1.xml;sitemap-posts.xml,2026-07-12,
/clinics/,known:directory,,404
/cloud-based-emr-for-nigerian-clinics/,post-sitemap1.xml;sitemap-posts-2.xml,2026-07-12,
/cmo-landing-page/,page-sitemap.xml;redirects.yaml;sitemap-pages.xml;staging-sitemap,2025-01-19,
/compliance-made-easy-adhering-to-nigerian-healthcare-regulations-with-easyclinic/,post-sitemap2.xml;sitemap-posts-2.xml,2025-05-22,
/consistent-patient-experiences-across-multiple-clinic-sites/,post-sitemap1.xml;sitemap-posts-2.xml,2026-07-12,
/contact-us/,page-sitemap.xml;sitemap-pages.xml;staging-sitemap,2026-08-08,
/cosmetology-emr-software/,page-sitemap.xml;redirects.yaml;sitemap-pages.xml;staging-sitemap,2026-08-06,
/crispr-technology-transforming-gene-editing-healthcare/,post-sitemap2.xml;sitemap-posts-2.xml,2025-05-01,
/cross-location-analytics-for-clinic-chains-a-complete-overview/,post-sitemap2.xml;sitemap-posts-2.xml,2025-05-22,
/curapilot-ai/,page-sitemap.xml;redirects.yaml;sitemap-pages.xml,2026-06-10,
/curapilot/,page-sitemap.xml;sitemap-pages.xml;staging-sitemap,2026-07-25,
/custom-built-for-african-specialists-why-customisable-emr-is-the-future-of-healthcare-in-africa/,post-sitemap2.xml;sitemap-posts-2.xml,2025-05-22,
/custom-healthcare-software-development/,page-sitemap.xml;sitemap-pages.xml;staging-sitemap,2026-07-28,
/data-centric-pathology-clinics/,post-sitemap1.xml;sitemap-posts.xml,2026-01-02,
/data-privacy-laws-in-kenya/,post-sitemap1.xml;sitemap-posts-2.xml,2026-01-07,
/demo-form-embed/,page-sitemap.xml;redirects.yaml;sitemap-pages.xml,2026-05-28,
/dental-clinic-equipment-list/,post-sitemap1.xml;sitemap-posts.xml,2026-05-12,
/dental-emr-software/,page-sitemap.xml;sitemap-pages.xml;staging-sitemap,2026-05-14,
/dental-implants-future-in-india/,post-sitemap2.xml;sitemap-posts.xml,2025-09-04,
/dental-robotics-in-india/,post-sitemap2.xml;sitemap-posts.xml,2025-10-21,
/dermatology-emr-software/,page-sitemap.xml;sitemap-pages.xml;staging-sitemap,2026-05-14,
/devlabs/,staging-sitemap,,
/devlabs/dashboard/,staging-sitemap,,
/diabetic-retinopathy-screening/,post-sitemap1.xml;sitemap-posts.xml,2026-08-27,
/diabetology-emr-software/,page-sitemap.xml;redirects.yaml;sitemap-pages.xml;staging-sitemap,2026-08-06,
/digital-dentistry-in-india/,post-sitemap2.xml;sitemap-posts.xml,2025-09-03,
/digital-payment-integration-for-telemedicine-simplifying-remote-consultations/,post-sitemap2.xml;sitemap-posts-2.xml,2025-05-22,
/digital-presence-for-clinics/,post-sitemap1.xml;sitemap-posts.xml,2026-07-12,
/digitizing-ethiopias-rural-health-facilities-the-benefits-of-easyclinics-integrated-emr/,post-sitemap2.xml;sitemap-posts-2.xml,2025-05-22,
/doctor-clinic-software/,page-sitemap.xml;redirects.yaml;sitemap-pages.xml,2026-08-06,
/doctor-personal-branding/,post-sitemap1.xml;sitemap-posts.xml,2026-07-12,
/doctors/,known:directory;staging-sitemap,,404
/easy-clinic-patient-engagement-with-ai-smart-healthcare-solutions/,post-sitemap1.xml;sitemap-posts-2.xml,2026-08-27,
/easyclinic-ai-automation-software/,post-sitemap2.xml;sitemap-posts.xml,2025-09-22,
/easyclinic-emr-software-in-india/,post-sitemap2.xml;sitemap-posts.xml,2025-09-19,
/easyclinic-emr-vs-traditional-emr/,post-sitemap1.xml;sitemap-posts.xml;staging-sitemap,2026-07-12,
/easyclinic-vs-healthplix/,post-sitemap1.xml;sitemap-posts.xml;staging-sitemap,2026-07-12,
/easyclinic-vs-kenyaemr/,post-sitemap1.xml;sitemap-posts.xml;staging-sitemap,2026-07-12,
/easyclinic-vs-practo/,post-sitemap1.xml;sitemap-posts.xml;staging-sitemap,2026-07-12,
/easyclinics-role-in-rwandas-digital-health-transformation/,post-sitemap2.xml;sitemap-posts-2.xml,2025-05-22,
/educating-patients-through-digital-content-elevating-understanding-and-outcomes/,post-sitemap2.xml;sitemap-posts-2.xml,2025-05-12,
/effective-patient-communication-techniques/,post-sitemap2.xml;sitemap-posts-2.xml,2025-05-12,
/effortless-teleconsultations-bridging-the-healthcare-gap-in-rural-africa/,post-sitemap2.xml;sitemap-posts-2.xml,2025-05-22,
/empowering-clinic-success-how-proper-data-management-improves-operations/,post-sitemap2.xml;sitemap-posts-2.xml,2025-05-12,
/empowering-excellence-building-a-culture-of-efficiency-in-your-clinic/,post-sitemap2.xml;sitemap-posts-2.xml,2025-05-12,
/empowering-patients-with-easyclinics-patient-portal-and-mobile-app/,post-sitemap2.xml;sitemap-posts-2.xml,2025-05-22,
/empowering-your-team-the-importance-of-staff-training-and-development-in-clinics/,post-sitemap2.xml;sitemap-posts-2.xml,2025-05-12,
/emr-customisation-with-easyclinic-tailor-workflows-improve-care/,post-sitemap1.xml;sitemap-posts-2.xml,2026-07-12,
/emr-landing-page/,page-sitemap.xml;redirects.yaml;sitemap-pages.xml;staging-sitemap,2025-01-31,
/emr-software-for-cardiology/,post-sitemap2.xml;sitemap-posts.xml,2025-12-11,
/emr-software-in-bangalore/,page-sitemap.xml;redirects.yaml;sitemap-pages.xml;staging-sitemap,2026-07-20,
/emr-software-in-chennai/,page-sitemap.xml;redirects.yaml;sitemap-pages.xml;staging-sitemap,2026-07-20,
/emr-software-in-delhi-ncr/,page-sitemap.xml;redirects.yaml;sitemap-pages.xml;staging-sitemap,2026-07-20,
/emr-software-in-ethiopia/,page-sitemap.xml;redirects.yaml;sitemap-pages.xml;staging-sitemap,2026-08-06,
/emr-software-in-fiji/,page-sitemap.xml;redirects.yaml;sitemap-pages.xml;staging-sitemap,2026-07-27,
/emr-software-in-ghana/,page-sitemap.xml;redirects.yaml;sitemap-pages.xml;staging-sitemap,2026-08-06,
/emr-software-in-hyderabad/,page-sitemap.xml;redirects.yaml;sitemap-pages.xml;staging-sitemap,2026-07-20,
/emr-software-in-india/,page-sitemap.xml;redirects.yaml;sitemap-pages.xml;staging-sitemap,2026-07-28,
/emr-software-in-kenya/,page-sitemap.xml;sitemap-pages.xml;staging-sitemap,2026-08-08,
/emr-software-in-malaysia/,page-sitemap.xml;redirects.yaml;sitemap-pages.xml;staging-sitemap,2026-08-06,
/emr-software-in-maldives/,page-sitemap.xml;redirects.yaml;sitemap-pages.xml;staging-sitemap,2026-07-27,
/emr-software-in-mauritius/,page-sitemap.xml;redirects.yaml;sitemap-pages.xml;staging-sitemap,2026-08-06,
/emr-software-in-mumbai/,page-sitemap.xml;redirects.yaml;sitemap-pages.xml;staging-sitemap,2026-07-20,
/emr-software-in-nigeria/,page-sitemap.xml;redirects.yaml;sitemap-pages.xml;staging-sitemap,2026-08-01,
/emr-software-in-qatar/,page-sitemap.xml;redirects.yaml;sitemap-pages.xml;staging-sitemap,2026-07-27,
/emr-software-in-rwanda/,page-sitemap.xml;redirects.yaml;sitemap-pages.xml;staging-sitemap,2026-07-27,
/emr-software-in-seychelles/,page-sitemap.xml;redirects.yaml;sitemap-pages.xml;staging-sitemap,2026-07-27,
/emr-software-in-somalia/,page-sitemap.xml;redirects.yaml;sitemap-pages.xml;staging-sitemap,2026-07-27,
/emr-software-in-south-africa/,page-sitemap.xml;redirects.yaml;sitemap-pages.xml;staging-sitemap,2026-07-27,
/emr-software-in-suriname/,page-sitemap.xml;redirects.yaml;sitemap-pages.xml;staging-sitemap,2026-07-28,
/emr-software-in-tanzania/,page-sitemap.xml;redirects.yaml;sitemap-pages.xml;staging-sitemap,2026-07-28,
/emr-software-in-trinidad-and-tobago/,page-sitemap.xml;redirects.yaml;sitemap-pages.xml;staging-sitemap,2026-07-28,
/emr-software-in-uae/,page-sitemap.xml;redirects.yaml;sitemap-pages.xml;staging-sitemap,2026-07-28,
/emr-software-in-uganda/,page-sitemap.xml;redirects.yaml;sitemap-pages.xml;staging-sitemap,2026-07-28,
/endocrinology-emr-software/,page-sitemap.xml;redirects.yaml;sitemap-pages.xml;staging-sitemap,2026-05-14,
/endocrinology/,redirects.yaml,,
/enhance-clinic-outcomes-improving-patient-engagement-with-digital-tools/,post-sitemap2.xml;sitemap-posts-2.xml,2025-05-12,
/ensuring-financial-integrity-with-advanced-clinic-accounting/,post-sitemap2.xml;sitemap-posts-2.xml,2025-05-22,
/ent-clinic-management-systems/,post-sitemap2.xml;sitemap-posts.xml,2025-11-04,
/ent-emr-software/,page-sitemap.xml;sitemap-pages.xml;staging-sitemap,2026-05-14,
/ent/,redirects.yaml,,
/essential-updates-on-clinical-guidelines-2025-what-doctors-must-know/,post-sitemap2.xml;sitemap-posts-2.xml,2025-05-01,
/expiry-and-stock-alerts-safeguarding-patients-and-cutting-waste-in-clinics/,post-sitemap2.xml;sitemap-posts-2.xml,2025-05-22,
/family-physician-emr/,page-sitemap.xml;redirects.yaml;sitemap-pages.xml;staging-sitemap,2026-05-15,
/faqs-on-emr-medical-software/,post-sitemap1.xml;sitemap-posts-2.xml,2026-07-12,
/features-that-your-telemedicine-software-should-have/,post-sitemap1.xml;sitemap-posts-2.xml,2026-07-12,
/features/,page-sitemap.xml;sitemap-pages.xml;staging-sitemap,2026-05-15,
/feed/,known:feed;redirects.yaml,,
/fostering-doctor-patient-trust-through-digital-healthcare-communication/,post-sitemap2.xml;sitemap-posts-2.xml,2025-05-12,
/future-of-eye-surgery-in-india/,post-sitemap2.xml;sitemap-posts.xml,2025-09-02,
/future-of-robotic-surgery-in-india/,post-sitemap2.xml;sitemap-posts.xml,2025-09-16,
/future-proofing-your-practice-task-automation-tools-every-clinic-should-consider/,post-sitemap2.xml;sitemap-posts-2.xml,2025-05-12,
/gamification-in-action-engaging-patients-for-better-compliance/,post-sitemap1.xml;sitemap-posts-2.xml,2026-07-12,
/gastroenterology-emr/,page-sitemap.xml;redirects.yaml;sitemap-pages.xml;staging-sitemap,2026-08-06,
/gastroenterology/,redirects.yaml,,
/ge-vs-siemens-ai-radiology/,post-sitemap2.xml;sitemap-posts.xml,2025-09-12,
/gene-therapy-pioneering-the-future-of-personalized-medicine/,post-sitemap2.xml;sitemap-posts-2.xml,2025-05-01,
/general-practitioner-emr/,page-sitemap.xml;sitemap-pages.xml;staging-sitemap,2026-05-15,
/general-surgery-emr/,page-sitemap.xml;redirects.yaml;sitemap-pages.xml;staging-sitemap,2026-05-15,
/generative-ai-for-gynaecology/,post-sitemap2.xml;sitemap-posts.xml,2025-12-15,
/google-reviews-for-clinics/,post-sitemap1.xml;sitemap-posts.xml,2026-07-12,
/haematology-clinic-management-software/,post-sitemap2.xml;sitemap-posts.xml,2025-11-24,
/health-camps-lead-generation/,post-sitemap1.xml;sitemap-posts.xml,2026-04-13,
/healthcare-compliance-software/,post-sitemap1.xml;sitemap-posts.xml,2026-07-12,
/healthcare-cybersecurity-protecting-clinics-and-hospitals-in-the-digital-age/,post-sitemap2.xml;sitemap-posts-2.xml,2025-05-03,
/healthcare-dashboard-software/,post-sitemap1.xml;redirects.yaml;sitemap-posts.xml,2026-07-12,
/healthcare-in-uganda/,post-sitemap1.xml;sitemap-posts-2.xml,2026-07-12,
/healthcare-management-in-rwanda/,post-sitemap1.xml;sitemap-posts-2.xml,2026-07-12,
/healthcare-startup-in-kenya/,post-sitemap1.xml;sitemap-posts-2.xml,2026-07-24,
/hematology-emr/,page-sitemap.xml;redirects.yaml;sitemap-pages.xml;staging-sitemap,2026-05-15,
/hematology/,redirects.yaml,,
/hospital-automation-redefining-innovation-and-efficiency-in-modern-healthcare/,post-sitemap2.xml;sitemap-posts-2.xml,2025-05-04,
/hospital-opd-nursing-home-software/,page-sitemap.xml;redirects.yaml;sitemap-pages.xml,2026-05-15,
/how-ai-contributes-to-minimizing-medical-billing-errors/,post-sitemap2.xml;sitemap-posts-2.xml,2025-02-13,
/how-ai-for-doctors-is-transforming-clinical-practice/,post-sitemap3.xml;sitemap-posts-2.xml,2025-02-13,
/how-ai-in-clinic-inventory-management-boosts-efficiency/,post-sitemap2.xml;sitemap-posts-2.xml,2025-03-06,
/how-ai-powered-emr-software-is-transforming-clinic-management/,post-sitemap3.xml;sitemap-posts-2.xml,2025-02-13,
/how-ai-smart-clinics-are-redefining-the-modern-patient-experience/,post-sitemap2.xml;sitemap-posts-2.xml,2025-05-03,
/how-do-i-get-approval-from-the-kmpdc-in-kenya/,post-sitemap1.xml;sitemap-posts-2.xml,2026-07-12,
/how-do-i-start-a-private-clinic-in-india/,post-sitemap1.xml;sitemap-posts-2.xml,2026-07-23,
/how-easyclinic-integrations-improve-healthcare-delivery/,post-sitemap2.xml;sitemap-posts-2.xml,2025-05-22,
/how-much-does-it-cost-to-open-a-clinic-in-mumbai/,post-sitemap1.xml;sitemap-posts-2.xml,2026-07-12,
/how-much-does-it-cost-to-open-a-clinic-in-nairobi/,post-sitemap1.xml;sitemap-posts-2.xml,2026-07-12,
/how-personalized-care-enhances-patient-experience/,post-sitemap2.xml;sitemap-posts-2.xml,2025-05-12,
/how-predictive-healthcare-analytics-is-improving-outcomes-and-empowering-clinics/,post-sitemap2.xml;sitemap-posts-2.xml,2025-05-04,
/how-to-get-approval-from-the-medical-practitioners-and-dentists-council-in-india-nmc-dci/,post-sitemap1.xml;sitemap-posts-2.xml,2026-07-12,
/how-to-make-your-waiting-room-more-patient-friendly/,post-sitemap1.xml;sitemap-posts-3.xml,2026-07-12,
/how-to-setup-clinic-legally-in-india-compliance-guide/,redirects.yaml,,
/humanoid-robots/,post-sitemap1.xml;sitemap-posts.xml,2026-07-31,
/immunology-clinic-management-software/,post-sitemap2.xml;sitemap-posts.xml,2025-11-25,
/immunology-emr/,page-sitemap.xml;redirects.yaml;sitemap-pages.xml;staging-sitemap,2026-05-15,
/importance-of-timely-follow-ups-in-patient-satisfaction/,post-sitemap2.xml;sitemap-posts-2.xml,2025-05-12,
/insurance-claim-management-system/,post-sitemap1.xml;redirects.yaml;sitemap-posts.xml,2026-07-12,
/integrated-pharmacy-management/,post-sitemap1.xml;sitemap-posts-2.xml,2026-07-12,
/intelligent-triage-begins-here-how-ai-healthcare-chatbots-are-transforming-clinics/,post-sitemap2.xml;sitemap-posts-2.xml,2025-05-04,
/inventory-management-for-rural-clinics/,post-sitemap1.xml;sitemap-posts-2.xml,2026-07-12,
/inventory-management-in-rwanda/,post-sitemap1.xml;sitemap-posts-2.xml,2026-07-12,
/iot-healthcare-powering-the-connected-care-revolution/,post-sitemap2.xml;sitemap-posts-2.xml,2025-05-03,
/ivf-emr/,page-sitemap.xml;sitemap-pages.xml;staging-sitemap,2026-05-15,
/jarico/,page-sitemap.xml;redirects.yaml;sitemap-pages.xml,2025-09-11,
/kenya-vs-nigeria-clinic/,post-sitemap1.xml;sitemap-posts.xml,2026-07-12,
/kenyademo/,page-sitemap.xml;sitemap-pages.xml,2026-05-30,
/knowledgebase/,page-sitemap.xml;redirects.yaml;sitemap-pages.xml;staging-sitemap,2026-07-28,
/lab-report-management/,post-sitemap1.xml;sitemap-posts.xml,2026-08-03,
/language-barriers/,post-sitemap1.xml;sitemap-posts.xml,2026-07-31,
/latest-lasik-technology-india/,post-sitemap1.xml;sitemap-posts.xml,2026-05-14,
/launch-with-confidence-a-complete-checklist-for-setting-up-a-new-clinic-in-2025/,post-sitemap1.xml;sitemap-posts-2.xml,2026-07-22,
/leveraging-ai-for-efficient-clinic-operations-in-africa/,post-sitemap2.xml;sitemap-posts-2.xml,2025-05-22,
/leveraging-sms-and-whatsapp-for-patient-engagement/,post-sitemap2.xml;sitemap-posts-2.xml,2025-05-12,
/local-sitemap.xml,known:sitemap-file,,
/maintaining-trust-how-to-handle-negative-reviews-in-healthcare-professionally/,post-sitemap2.xml;sitemap-posts-2.xml,2025-05-12,
/making-smarter-decisions-with-easyclinics-analytics-and-reports/,post-sitemap2.xml;sitemap-posts-2.xml,2025-05-22,
/malaysia-healthcare-boom/,post-sitemap1.xml;sitemap-posts.xml,2026-07-12,
/managing-insurance-claims-effortlessly-with-easyclinic/,post-sitemap2.xml;sitemap-posts-2.xml,2025-05-22,
/mastering-efficiency-7-essential-tips-for-streamlined-clinic-management/,post-sitemap2.xml;sitemap-posts-2.xml,2025-05-12,
/maximise-clinic-efficiency-with-smart-hr-management-systems/,post-sitemap2.xml;sitemap-posts-2.xml,2025-05-22,
/measuring-what-matters-using-healthcare-kpis-to-track-and-improve-clinic-performance/,post-sitemap2.xml;sitemap-posts-2.xml,2025-05-12,
/medical-transcription-software/,post-sitemap1.xml;sitemap-posts.xml,2026-01-05,
/medication-management/,post-sitemap1.xml;sitemap-posts.xml,2026-08-03,
/mental-health/,page-sitemap.xml;sitemap-pages.xml;staging-sitemap,2025-01-29,
/mhealth-apps-and-mobile-health-innovations-doctors-must-know-in-2025/,post-sitemap1.xml;sitemap-posts-2.xml,2026-07-12,
/microbiome-health-research/,post-sitemap1.xml;sitemap-posts-2.xml,2025-12-22,
/mobile-payments-for-ugandan-clinics/,post-sitemap1.xml;sitemap-posts-2.xml,2026-07-12,
/modern-convenience-how-online-payments-improve-the-patient-experience-in-clinics/,post-sitemap2.xml;sitemap-posts-2.xml,2025-05-12,
/mrna-technology-paving-the-future-of-healthcare-biotechnology/,post-sitemap1.xml;sitemap-posts-2.xml,2026-07-12,
/multilingual-capabilities-in-malaysia/,post-sitemap2.xml;sitemap-posts-2.xml,2025-12-15,
/multilingual-digital-prescriptions/,post-sitemap1.xml;sitemap-posts-2.xml,2026-07-12,
/multimodal-ai-in-healthcare/,post-sitemap1.xml;sitemap-posts.xml,2026-08-03,
/nanomedicine-tiny-innovations-in-nano-healthcare-technologies/,post-sitemap2.xml;sitemap-posts-2.xml,2025-05-01,
/ndhm-compliance-in-india/,post-sitemap1.xml;sitemap-posts-2.xml,2026-07-12,
/nephrology-emr/,page-sitemap.xml;redirects.yaml;sitemap-pages.xml;staging-sitemap,2026-05-15,
/neurology-emr/,page-sitemap.xml;sitemap-pages.xml;staging-sitemap,2026-05-15,
/new-clinic-in-kenya/,post-sitemap1.xml;sitemap-posts-2.xml,2026-07-12,
/new-emr-software-in-maldives/,redirects.yaml;sitemap-pages.xml,2026-07-10,
/new-emr-software-in-mauritius/,redirects.yaml;sitemap-pages.xml,2026-07-02,
/newsletter/,page-sitemap.xml;redirects.yaml;sitemap-pages.xml,2025-11-05,
/ngo-landing-page/,page-sitemap.xml;redirects.yaml;sitemap-pages.xml;staging-sitemap,2025-06-07,
/nhif-in-kenya/,post-sitemap1.xml;sitemap-posts-2.xml,2026-07-12,
/obgyn-emr-software/,page-sitemap.xml;sitemap-pages.xml;staging-sitemap,2026-05-15,
/oncology-clinic-management-software/,post-sitemap2.xml;sitemap-posts.xml,2025-11-28,
/oncology-emr/,page-sitemap.xml;redirects.yaml;sitemap-pages.xml;staging-sitemap,2026-05-15,
/one-click-billing-revolutionising-clinic-billing-processes-in-africa/,post-sitemap1.xml;sitemap-posts-2.xml,2026-07-12,
/online-appointment-booking-system/,post-sitemap1.xml;sitemap-posts.xml,2026-07-12,
/online-reputation-management/,post-sitemap1.xml;sitemap-posts.xml,2026-08-01,
/open-a-clinic-in-india/,post-sitemap1.xml;sitemap-posts-2.xml,2026-07-12,
/ophthalmology-clinic-management-software/,post-sitemap1.xml;sitemap-posts.xml,2026-07-12,
/ophthalmology-clinic-technology/,post-sitemap1.xml;sitemap-posts.xml,2026-05-14,
/ophthalmology-emr/,page-sitemap.xml;sitemap-pages.xml;staging-sitemap,2026-05-15,
/orthopedic-emr/,page-sitemap.xml;sitemap-pages.xml;staging-sitemap,2026-05-15,
/page-sitemap.xml,known:sitemap-file,,
/paperless-clinic-workflow/,post-sitemap1.xml;sitemap-posts.xml,2026-07-12,
/partner-with-ec/,page-sitemap.xml;sitemap-pages.xml;staging-sitemap,2026-07-28,
/pathology-clinic-management-software/,post-sitemap2.xml;sitemap-posts.xml,2025-12-01,
/pathology-emr/,page-sitemap.xml;redirects.yaml;sitemap-pages.xml;staging-sitemap,2026-05-15,
/patient-data-management-in-ethiopia/,post-sitemap2.xml;sitemap-posts-2.xml,2025-12-15,
/patient-data-privacy-laws-in-india/,post-sitemap1.xml;sitemap-posts-2.xml,2026-07-12,
/patient-data-privacy-mistakes/,post-sitemap1.xml;sitemap-posts.xml,2026-07-12,
/patient-engagement-at-easyclinic/,page-sitemap.xml;redirects.yaml;sitemap-pages.xml;staging-sitemap,2026-05-15,
/patient-engagement-software/,post-sitemap1.xml;sitemap-posts.xml,2025-12-23,
/patient-stories-marketing/,post-sitemap1.xml;sitemap-posts.xml,2026-07-12,
/payor-management-system/,post-sitemap1.xml;redirects.yaml;sitemap-posts.xml,2025-12-31,
/payor-management/,page-sitemap.xml;redirects.yaml;sitemap-pages.xml;staging-sitemap,2026-05-15,
/pdpa-compliance-audit/,post-sitemap1.xml;sitemap-posts-2.xml,2025-12-17,
/pediatric-emr/,page-sitemap.xml;sitemap-pages.xml;staging-sitemap,2026-05-15,
/pediatric/,redirects.yaml,,
/personalised-whatsapp-messages/,post-sitemap1.xml;sitemap-posts.xml,2026-07-12,
/physician-burnout/,post-sitemap1.xml;sitemap-posts.xml,2026-08-01,
/physiotherapy-clinic-management-software/,post-sitemap2.xml;sitemap-posts.xml,2025-12-02,
/physiotherapy-emr-software/,page-sitemap.xml;redirects.yaml,2026-09-01,
/physiotherapy-emr/,redirects.yaml;sitemap-pages.xml;staging-sitemap,2026-05-15,
/point-of-care-diagnostics/,post-sitemap1.xml;sitemap-posts.xml,2026-07-31,
/polyclinic-software/,page-sitemap.xml;redirects.yaml;sitemap-pages.xml,2026-08-06,
/post-sitemap.xml,known:sitemap-file,,
/post-sitemap1.xml,known:sitemap-file,,
/post-sitemap2.xml,known:sitemap-file,,
/post-sitemap3.xml,known:sitemap-file,,
/predictive-analytics-for-clinics/,post-sitemap1.xml;sitemap-posts.xml,2026-08-03,
/predictive-analytics-for-dental/,post-sitemap1.xml;sitemap-posts.xml,2026-01-21,
/predictive-analytics-for-nephrology/,post-sitemap1.xml;sitemap-posts.xml,2025-12-22,
/predictive-orthodontics-in-india/,post-sitemap2.xml;sitemap-posts.xml,2025-09-10,
/preventive-healthcare/,post-sitemap1.xml;sitemap-posts.xml,2026-08-03,
/pricing/,page-sitemap.xml;sitemap-pages.xml;staging-sitemap,2026-06-09,
/privacy-policy/,page-sitemap.xml;redirects.yaml;sitemap-pages.xml,2026-09-22,
/privacy/,staging-sitemap,,
/profitable-clinic-setup/,post-sitemap1.xml;sitemap-posts.xml,2026-07-12,
/psychiatry-emr-software/,redirects.yaml,,
/psychiatry-emr/,page-sitemap.xml;redirects.yaml;sitemap-pages.xml;staging-sitemap,2026-05-15,
/psychology-emr/,page-sitemap.xml;redirects.yaml;sitemap-pages.xml;staging-sitemap,2026-05-15,
/pulmonology-ai-clinic-software/,post-sitemap1.xml;sitemap-posts.xml,2026-07-12,
/pulmonology-emr/,page-sitemap.xml;redirects.yaml;sitemap-pages.xml;staging-sitemap,2026-05-15,
/questions-to-ask-your-clinic-emr-software-provider/,post-sitemap1.xml;sitemap-posts-2.xml,2026-07-12,
/radiology-clinic-software/,post-sitemap1.xml;sitemap-posts.xml,2026-07-12,
/radiology-emr/,page-sitemap.xml;redirects.yaml;sitemap-pages.xml;staging-sitemap,2026-05-15,
/real-time-stock-management-avoiding-medical-supply-shortages-in-clinics/,post-sitemap2.xml;sitemap-posts-2.xml,2025-05-22,
/reimagining-care-how-ai-recommendations-are-enhancing-patient-engagement/,post-sitemap2.xml;sitemap-posts-2.xml,2025-05-12,
/remote-cardiac-monitoring/,post-sitemap2.xml;sitemap-posts-2.xml,2025-09-01,
/remote-patient-monitoring-system/,post-sitemap1.xml;sitemap-posts.xml,2026-08-03,
/reports-and-dashboards/,page-sitemap.xml;redirects.yaml;sitemap-pages.xml;staging-sitemap,2026-05-15,
/resources/,page-sitemap.xml;sitemap-pages.xml;staging-sitemap,2025-02-21,
/revenue-management/,page-sitemap.xml;redirects.yaml;sitemap-pages.xml;staging-sitemap,2026-05-15,
/revolutionary-medical-advancements/,post-sitemap1.xml;sitemap-posts-2.xml,2026-07-12,
/revolutionizing-care-delivery-remote-patient-monitoring-for-clinics/,post-sitemap2.xml;sitemap-posts-2.xml,2025-05-12,
/rheumatology-emr/,page-sitemap.xml;redirects.yaml;sitemap-pages.xml;staging-sitemap,2026-05-15,
/rheumatology/,redirects.yaml,,
/robotic-radiology-equipment-in-india/,post-sitemap2.xml;sitemap-posts.xml,2025-09-15,
/robotic-rehabilitation/,post-sitemap1.xml;sitemap-posts.xml,2026-07-28,
/robotic-surgery-for-clinics/,post-sitemap1.xml;sitemap-posts.xml,2026-05-19,
/robotic-surgery-in-healthcare/,post-sitemap1.xml;sitemap-posts.xml,2026-08-03,
/robotic-telemedicine/,post-sitemap1.xml;sitemap-posts.xml,2026-08-03,
/robotics-in-dermatology-clinics/,post-sitemap2.xml;sitemap-posts.xml,2025-10-17,
/robotics-in-ent-clinics/,post-sitemap2.xml;sitemap-posts.xml,2025-10-27,
/robotics-in-orthopaedics-clinics/,post-sitemap2.xml;sitemap-posts.xml,2025-10-24,
/robotics-in-surgery-advancing-safer-and-faster-operations/,post-sitemap2.xml;sitemap-posts-2.xml,2025-05-01,
/robotics-in-urology-clinics/,post-sitemap2.xml;sitemap-posts.xml,2025-10-23,
/role-of-empathy-in-patient-care/,post-sitemap2.xml;sitemap-posts-2.xml,2025-05-12,
/rural-healthcare-market-in-india/,post-sitemap1.xml;sitemap-posts.xml,2026-07-12,
/scaling-with-structure-managing-multi-location-clinics-efficiently/,post-sitemap2.xml;sitemap-posts-2.xml,2025-05-12,
/scaling-your-clinic-operations-across-africa-with-easyclinic/,post-sitemap1.xml;sitemap-posts-2.xml,2026-07-12,
/seamless-prescription-transfers-elevating-pharmacy-efficiency-with-digital-integration/,post-sitemap2.xml;sitemap-posts-2.xml,2025-05-22,
/securing-your-clinic-user-access-control-simplified/,post-sitemap2.xml;sitemap-posts-2.xml,2025-05-22,
/self-service-appointment-booking-empowering-patients-streamlining-clinics/,post-sitemap2.xml;sitemap-posts-2.xml,2025-05-12,
/sexology-emr/,page-sitemap.xml;redirects.yaml;sitemap-pages.xml;staging-sitemap,2026-05-15,
/siliconindia/,page-sitemap.xml;redirects.yaml;sitemap-pages.xml,2026-08-05,
/simplified-third-party-billing-boosting-revenue-for-african-clinics/,post-sitemap2.xml;sitemap-posts-2.xml,2025-05-22,
/simplifying-clinic-workflows-digitally-streamlining-patient-intake-forms/,post-sitemap2.xml;sitemap-posts-2.xml,2025-05-12,
/simplifying-ethiopias-healthcare-supply-chain/,post-sitemap1.xml;sitemap-posts-2.xml,2026-07-12,
/simplifying-healthcare-financing/,post-sitemap1.xml;sitemap-posts-2.xml,2026-07-12,
/sitemap-e-floating-buttons.xml,known:sitemap-file,,
/sitemap-pages.xml,known:sitemap-file,,
/sitemap-posts-2.xml,known:sitemap-file,,
/sitemap-posts-3.xml,known:sitemap-file,,
/sitemap-posts.xml,known:sitemap-file,,
/sitemap.xml,known:sitemap-file,,
/sitemap_index.xml,known:sitemap-file,,
/smart-clinics/,post-sitemap1.xml;sitemap-posts.xml,2026-08-03,
/smart-emr-for-clinics/,post-sitemap1.xml;sitemap-posts.xml,2026-08-03,
/smart-inventory-management-with-ai-how-easyclinic-optimises-medical-supplies/,post-sitemap2.xml;sitemap-posts-2.xml,2025-05-22,
/smarter-practice-with-ai-emr-transforming-clinic-efficiency-and-patient-care/,post-sitemap2.xml;sitemap-posts-2.xml,2025-05-03,
/smarter-scheduling-happier-patients-elevating-healthcare-operations-through-optimized-appointments/,post-sitemap2.xml;sitemap-posts-2.xml,2025-05-12,
/smarter-stocks-bigger-savings-how-clinic-inventory-management-helps-cut-costs/,post-sitemap2.xml;sitemap-posts-2.xml,2025-05-12,
/solutions/,staging-sitemap,,
/solutions/clinic-chain/,staging-sitemap,,
/solutions/doctor-clinic/,redirects.yaml;staging-sitemap,,
/solutions/hospital-opd/,staging-sitemap,,
/solutions/polyclinic/,staging-sitemap,,
/staff-scheduling/,post-sitemap1.xml;sitemap-posts.xml,2026-08-01,
/starting-a-clinic-in-dubai/,post-sitemap1.xml;sitemap-posts.xml,2026-07-12,
/stem-cell-therapy-innovations-advancing-the-future-of-regenerative-medicine/,post-sitemap2.xml;sitemap-posts-2.xml,2025-05-01,
/strategic-efficiency-should-your-clinic-outsource-non-core-tasks/,post-sitemap2.xml;sitemap-posts-2.xml,2025-05-12,
/streamlined-lab-operations-quick-and-accurate-diagnostics-with-easyclinic/,post-sitemap2.xml;sitemap-posts-2.xml,2025-05-22,
/streamlining-medical-logistics-timely-deliveries-for-multi-location-clinics/,post-sitemap2.xml;sitemap-posts-2.xml,2025-05-22,
/strengthening-patient-clinic-relationships-through-automated-communication/,post-sitemap2.xml;sitemap-posts-2.xml,2025-05-22,
/strengthening-patient-connections-implementing-crm-systems-for-better-relations/,post-sitemap2.xml;sitemap-posts-2.xml,2025-05-12,
/surgical-robotics-for-endocrinology/,post-sitemap1.xml;sitemap-posts.xml,2026-01-06,
/tag/ai/,known:archive,,
/tax-benefits-for-medical-startups-in-kenya/,post-sitemap1.xml;sitemap-posts-2.xml,2026-07-12,
/telemedicine-guide-navigating-the-future-of-virtual-care-in-clinical-practice/,post-sitemap2.xml;sitemap-posts-2.xml,2025-05-03,
/telemedicine-in-india-2/,post-sitemap1.xml;sitemap-posts-2.xml,2026-07-12,
/telemedicine-in-india/,post-sitemap1.xml;sitemap-posts-2.xml,2026-07-12,
/telemedicine-in-kenya-2025/,post-sitemap1.xml;sitemap-posts-2.xml,2026-07-12,
/telepathology-remote-diagnosis-trends-shaping-the-future-of-healthcare/,post-sitemap2.xml;sitemap-posts-2.xml,2025-05-01,
/terms-of-service/,page-sitemap.xml;redirects.yaml;sitemap-pages.xml,2025-03-21,
/terms/,staging-sitemap,,
/testimonials/,page-sitemap.xml;redirects.yaml;sitemap-pages.xml;staging-sitemap,2026-04-20,
/thank-you/,page-sitemap.xml;redirects.yaml;sitemap-pages.xml,2024-02-08,
/the-essential-rcm-guide-mastering-revenue-cycle-management-for-private-clinics/,post-sitemap2.xml;sitemap-posts-2.xml,2025-05-12,
/the-future-of-regenerative-medicine-shaping-tomorrows-healthcare/,post-sitemap2.xml;sitemap-posts-2.xml,2025-05-01,
/the-role-of-immunotherapy-in-transforming-modern-medicine/,post-sitemap2.xml;sitemap-posts-2.xml,2025-05-01,
/the-ultimate-guide-to-starting-a-clinic-in-kenya/,post-sitemap1.xml;sitemap-posts-2.xml,2026-09-10,
/tips-to-help-you-deliver-professional-care-online/,post-sitemap1.xml;sitemap-posts-3.xml,2026-07-12,
/top-10-doctor-apps-every-physician-should-use/,post-sitemap2.xml;sitemap-posts-2.xml,2025-05-04,
/top-10-ways-to-improve-patient-retention/,post-sitemap2.xml;sitemap-posts-2.xml,2025-05-12,
/top-medical-journals-every-doctor-should-follow-for-healthcare-research/,post-sitemap1.xml;sitemap-posts-2.xml,2026-07-12,
/top-strategies-for-reducing-patient-no-shows/,post-sitemap2.xml;sitemap-posts-2.xml,2025-05-12,
/top-strategies-to-boost-patient-acquisition-in-2024/,post-sitemap1.xml;sitemap-posts-2.xml,2026-07-12,
/trichology-clinic-management-software/,post-sitemap2.xml;sitemap-posts.xml,2025-12-04,
/trichology-emr-software/,redirects.yaml;staging-sitemap,,
/trichology-emr/,page-sitemap.xml;redirects.yaml;sitemap-pages.xml,2026-05-15,
/trichology/,redirects.yaml,,
/understanding-epigenetics-and-its-medical-potential-a-new-frontier-in-healthcare/,post-sitemap2.xml;sitemap-posts-2.xml,2025-05-01,
/understanding-the-psychology-behind-patient-compliance-and-how-to-improve-it/,post-sitemap2.xml;sitemap-posts-2.xml,2025-05-12,
/unified-scheduling-for-scalable-clinic-networks-in-africa/,post-sitemap2.xml;sitemap-posts-2.xml,2025-05-22,
/urology-emr/,page-sitemap.xml;redirects.yaml;sitemap-pages.xml;staging-sitemap,2026-05-15,
/using-surveys-to-improve-patient-satisfaction/,post-sitemap1.xml;sitemap-posts-2.xml,2026-07-12,
/virtual-assistant-for-doctors-a-game-changer-in-clinical-efficiency/,post-sitemap2.xml;sitemap-posts-2.xml,2025-05-04,
/virtual-hospitals-for-cancer-clinics/,post-sitemap1.xml;sitemap-posts.xml,2026-01-03,
/visual-data-analytics-in-ethiopian-clinics/,post-sitemap1.xml;sitemap-posts-2.xml,2026-07-12,
/visual-health-intelligence-making-patient-data-work-for-african-clinics/,post-sitemap2.xml;sitemap-posts-2.xml,2025-05-22,
/visual-lab-results-easy-interpretation-of-diagnostic-data/,post-sitemap2.xml;sitemap-posts-2.xml,2025-05-22,
/voice-recognition-tools-reshaping-emr-documentation-in-clinics/,post-sitemap2.xml;sitemap-posts-2.xml,2025-05-04,
/vr-data-visualisation-for-orthopaedics/,post-sitemap1.xml;sitemap-posts.xml,2025-12-29,
/vr-medical-training-the-future-of-immersive-medical-education/,post-sitemap1.xml;sitemap-posts-2.xml,2026-07-12,
/wearable-devices-and-remote-health-monitoring-empowering-clinics-and-patients/,post-sitemap1.xml;sitemap-posts-2.xml,2026-07-12,
/wearable-technology-in-predictive-diagnostics-transforming-health-monitoring/,post-sitemap1.xml;sitemap-posts-2.xml,2026-07-12,
/wearables-in-diagnostics-how-predictive-monitoring-is-reshaping-healthcareembracing-the-power-of-health-wearables-for-predictive-care-as-healthcare-evolves-toward-proactive-and-patient-centered-care/,post-sitemap2.xml;sitemap-posts-2.xml,2025-05-22,
/what-are-the-best-locations-to-open-a-clinic-in-kenya/,post-sitemap1.xml;sitemap-posts-2.xml,2026-07-12,
/what-are-the-registration-and-licensing-requirements-for-doctors-in-kenya/,post-sitemap1.xml;sitemap-posts-2.xml,2026-07-12,
/whatsapp-clinic-automation/,post-sitemap1.xml;sitemap-posts.xml,2026-07-12,
/whatsapp-follow-up-automation/,post-sitemap1.xml;sitemap-posts.xml,2026-07-12,
/whatsapp-groups-for-patient-care/,post-sitemap1.xml;sitemap-posts.xml,2026-07-12,
/whatsapp-no-show-reduction/,post-sitemap1.xml;sitemap-posts.xml,2026-07-12,
/whatsapp-patient-compliance-tracking/,post-sitemap1.xml;sitemap-posts.xml,2026-07-12,
/whatsapp-patient-journey/,post-sitemap1.xml;sitemap-posts.xml,2026-07-12,
/whatsapp-post-surgery-care/,post-sitemap1.xml;sitemap-posts.xml,2026-07-12,
/whatsapp-referrals-for-clinics/,post-sitemap1.xml;sitemap-posts.xml,2026-07-12,
/whatsapp-triage-for-clinics/,post-sitemap1.xml;sitemap-posts.xml,2026-07-12,
/why-blockchain-healthcare-technology-is-reshaping-medical-data-security/,post-sitemap2.xml;sitemap-posts-2.xml,2025-05-04,
/why-clinic-management-solution-is-must-for-clinics/,post-sitemap1.xml;sitemap-posts-3.xml,2026-07-12,
/why-doctors-should-care-about-patient-journey-mapping/,post-sitemap2.xml;sitemap-posts-2.xml,2025-05-12,
/wp-admin/,known:wordpress,,
/wp-login.php,known:wordpress,,
/wp-sitemap.xml,known:sitemap-file,,
/xmlrpc.php,known:wordpress,,
/your-complete-guide-to-starting-a-clinic-in-india/,redirects.yaml,,
/your-comprehensive-guide-to-starting-a-clinic-in-ethiopia/,redirects.yaml,,
/your-essential-guide-to-launching-a-clinic-in-uganda/,redirects.yaml,,
/your-roadmap-to-launching-a-thriving-clinic-in-nigeria/,redirects.yaml,,
