path,decision,target,owner,reason,evidence
/diabetic-retinopathy-screening/,drop,410,,"Explainer on AI retinal-screening technology for diabetes care, a frontier-technology post (spec 3.6) with no buyer question about clinic software.","Covers autonomous AI grading, fundus cameras and device validation; the post itself says EasyClinic 'isn't the AI algorithm or the retinal camera'; the only software angle is patient recall, which /features/patient-engagement/ already covers; unsourced 'more than a hundred million' diabetics figure. No Search Console data available, so this is a content-only judgement."
/language-barriers/,merge,/features/whatsapp/,,"This is an AI-translation explainer, and once the unconfirmed regional-language claims are cut, all that remains is 'send messages in the patient's language', a point the WhatsApp page already makes about templates in each language.","Opens with an invented village-patient story; claims reminders, instructions and intake 'in regional languages', but only English and Swahili are confirmed (features/emr notes); unsourced claims that response rates 'rise dramatically' and same-day cancellations 'fall sharply'; the related /multilingual-digital-prescriptions/ post is itself on hold and marked to merge (and /multilingual-capabilities-in-malaysia/ is held to merge into that held post, a chain its own row needs to fix). No Search Console data, so judged on content only."
/staff-scheduling/,merge,/features/reports-and-dashboards/,,"The post rests on an AI demand-forecast rostering feature that no confirmed fact supports, and the only staff features we can confirm are the staff productivity reports and the appointment dashboard.","Invented Monday-rush/Wednesday-lull story; claims EasyClinic forecasts demand, proposes rosters and finds cover (the HR/roster module is marked 'plan unknown' in the multi-location notes, and the HR post is on hold for the same reason); unsourced 'cut labour costs by around a tenth'. No Search Console data, so judged on content only."
/physician-burnout/,merge,/ai/,,"This is a near-duplicate AI medical scribe explainer framed as burnout, and the published /ai/ page owns the 'AI medical scribe' query.","Invented 11 pm 'pyjama time' doctor story; its fix is an ambient scribe drafting notes; uncited '3 hours a day', 'two hours a day' and '52% to 39%' burnout figures; /ai/ notes say minutes saved per note are not confirmed. No Search Console data, so judged on content only."
/online-reputation-management/,merge,/google-reviews-for-clinics/,,"This is a near-duplicate of /google-reviews-for-clinics/ (same 'reviews decide the near-me search' question), with more unsourced statistics and product claims we cannot confirm.","Uncited 'industry survey' figures (68% vs 55% refuse below four stars, 29% to 41% always read reviews); invented 4.7 vs 3.9 search scene; claims automatic review requests 'in the patient's own language', but Google review capture is left out of /features/patient-engagement/ as unconfirmed. Target is a keep row in this list and not yet in pages-index.tsv, so the 301 resolves only once that post is imported; if that keep is not confirmed, fall back to /features/patient-engagement/. No Search Console data, so judged on content only."
/medication-management/,merge,/features/emr/,,"This is an AI prescribing-safety explainer, and its one confirmed substance (e-prescriptions with drug-interaction checks on one record) is owned by /features/emr/.","Invented story of an elderly woman on five drugs; e-prescribing with interaction flags matches the EMR page's interaction-check row; the adherence reminders, refill prompts and 'AI-supported programmes' figures are unsourced or unconfirmed; the similar /ai-prescription-errors/ is already merged. No Search Console data, so judged on content only."
/preventive-healthcare/,merge,/features/patient-engagement/,,"With the AI risk-flagging claim cut, what is left is recalling at-risk patients for screening, which /features/patient-engagement/ owns through recall campaigns by condition.","Invented story of a 45-year-old with acidity; claims the system flags at-risk patients (unconfirmed); dubious 'World Health Day 2026 stand with science' hook; the AI preventive-analytics posts are already merged to /ai/. No Search Console data, so judged on content only."
/remote-patient-monitoring-system/,drop,410,,"Explainer on wearables and AI remote monitoring, a frontier-technology post for a product category EasyClinic does not offer.","Covers smartwatches, CGMs, ECG patches and pulse oximeters; no device integration is claimed, and the EasyClinic section is a generic module list (records, appointments, billing); padded with IMARC market-size and Reuters BP-monitor market citations. No Search Console data, so judged on content only."
/ophthalmology-clinic-technology/,merge,/ophthalmology-emr/,,"This is mostly an eye-equipment investment list, and its one clinic-software point (an eye EMR holding OCT, fundus and follow-up records) is owned by /ophthalmology-emr/.","'Top 7 investments' table in which four of seven are device categories (AI screening, fundus/OCT, visual field testers, teleophthalmology); the EasyClinic section is a generic module list; /ophthalmology-emr/ already covers OCT and fundus reports on one record. No Search Console data, so judged on content only."
/dental-clinic-equipment-list/,drop,410,,An equipment shopping list with no clinic-software buyer intent (spec 3.6).,"Built around a table of dental chairs, autoclaves, RVG sensors, handpieces, apex locators and curing lights; the software section is a generic list of EasyClinic modules that /dental-emr-software/ already covers. No Search Console data, so judged on content only."
/health-camps-lead-generation/,keep,/health-camps-lead-generation/,/features/patient-engagement/,"It answers a real Indian clinic-owner question (how to turn health-camp attendees into booked patients) with a usable process, and no existing page covers it.","Concrete steps: capture every attendee, tag by screening result, prioritise urgent cases, follow up within one to three days, chase post-camp no-shows; the scenarios are labelled hypotheticals; on rewrite, confirm or cut the claim that EasyClinic tags attendees by screening outcome. No Search Console data, so this does not rest on traffic or rankings."
/digital-presence-for-clinics/,merge,/google-reviews-for-clinics/,,"It is a thin, generic version of the same 'patient searches near me and judges the listing' question that /google-reviews-for-clinics/ answers.","The 'Doubles Walk-Ins' headline claim is unsupported; invented 8:30 am half-empty OPD story; the rest is a generic checklist (hours, location, reviews, booking) that the reviews post repeats; self-booking from a clinic website is unconfirmed on /features/appointment-scheduling/. Target is a keep row in this list and not yet in pages-index.tsv, so the 301 resolves only once that post is imported; if that keep is not confirmed, fall back to /features/patient-engagement/. No Search Console data, so judged on content only."
/clinic-growth-without-discounts/,merge,/clinic-marketing-strategy/,,"Once the invented story is cut, it offers no pricing guidance, only the 'compete on trust and experience, not offers' growth argument that /clinic-marketing-strategy/ (kept in this list as the one marketing post) already opens with, so it belongs in the marketing query cluster (spec 4.5) rather than in the reviews post.","Invented 6:45 pm receptionist 'any offers?' story; generic 'trust leaks' list (missed reminder, lost file, long wait); unmeasured outcomes such as 'better patient return rates'; the same template as /100-meter-clinic-marketing/. Retargeted from /google-reviews-for-clinics/: its query ('clinic growth strategy', 'healthcare marketing strategies') is marketing, and the marketing post's intro makes the same point ('not with an ad, not with a logo, and not with a discount'). Target is a keep row in this list and not yet in pages-index.tsv, so the 301 resolves only once that post is imported; if that keep is not confirmed, fall back to /features/patient-engagement/. No Search Console data, so judged on content only."
/doctor-personal-branding/,keep,/doctor-personal-branding/,/features/appointment-scheduling/,"It answers a real question doctors ask about marketing their clinic ('should I post Reels and Shorts?') with usable content ideas, and no existing page covers it, but the rewrite must add the professional-conduct rules on self-advertisement.","Content formats that are still useful once the story is cut (prep instructions, myth-busting, first-visit explainers, comment boundaries); invented dermatologist-reel story and made-up 'saves 2 hours a day', '15 per cent' and 'seven minutes' figures; FAQ 1 says branding is ethical in India without mentioning the NMC/IMC conduct rules on self-advertisement; garbled text near the end. No Search Console data, so this does not rest on traffic or rankings."
/google-reviews-for-clinics/,keep,/google-reviews-for-clinics/,/features/whatsapp/,"It answers a real clinic-marketing question (how Google reviews win or lose patients and how to improve them) with practical, largely number-free advice, and no existing page covers it.","Covers what drives reviews (telling patients about wait times, clear bills, a post-visit follow-up message, the front desk, replying to negative reviews) and the Maps prominence factor (relevance, distance, prominence); the invented 'multi-doctor clinic' EasyClinic story and the 'within weeks' outcomes must be cut; /features/whatsapp/ owns the post-visit feedback request. In this list it receives /online-reputation-management/ and /digital-presence-for-clinics/; it is not yet in pages-index.tsv, so it must be imported before those 301s resolve. No Search Console data, so this does not rest on traffic or rankings."
/100-meter-clinic-marketing/,merge,/clinic-marketing-strategy/,,"The '100-meter rule' is a made-up label for generic local clinic marketing (reduce friction, answer calls, book follow-ups at checkout), which is the same 'marketing is how the clinic runs' argument as /clinic-marketing-strategy/, kept in this list as the one marketing post (spec 4.5). The post itself says its approach is 'not a Google listing tweak', so the reviews post is the weaker home.","Invented 8:45 am missed-calls and wrong-floor story; hypothetical pharmacy and neighbour 'use cases'; no data; the same trust-through-operations template as /clinic-growth-without-discounts/ and /digital-presence-for-clinics/. Retargeted from /google-reviews-for-clinics/ to the marketing-cluster home. Target is a keep row in this list and not yet in pages-index.tsv, so the 301 resolves only once that post is imported; if that keep is not confirmed, fall back to /features/patient-engagement/. No Search Console data, so judged on content only."
/clinic-marketing-strategy/,keep,/clinic-marketing-strategy/,/features/patient-engagement/,"'Clinic marketing strategy' is a real clinic-owner question and no existing page targets it, so this becomes the one marketing post, and five marketing-cluster posts in this list redirect into it (/clinic-branding/, /patient-stories-marketing/, /100-meter-clinic-marketing/, /clinic-growth-without-discounts/, /top-strategies-to-boost-patient-acquisition-in-2024/). Needs a rewrite that adds actual marketing substance, because today it only covers patient experience.","What survives the cuts: mapping the patient journey, front-desk scripts (for example offering a late patient a later slot or the next free one), confirmations, reminders and follow-ups. To cut: the invented 'a clinic owner once described...' quote, unsourced outcome claims ('repeat visits increase naturally', 'changes within weeks') and the stretched cafe metaphor. CTAs link to the raw IP 143.198.231.228 instead of the domain (14 occurrences in the live HTML). It is not yet in pages-index.tsv, so it must be imported before the five merges can resolve. No Search Console data was available, so this was decided on content only; nothing here says the post ranks or gets traffic."
/clinic-branding/,merge,/clinic-marketing-strategy/,,"This makes the same argument as /clinic-marketing-strategy/ (a clinic's brand is how consistently it runs, not its marketing), so the two compete for one query cluster (spec 4.5).","Same section template as the marketing post: Core Problem, Why It Is Getting Worse, Rethinking, 'Wow' use cases, 'What Clinics Notice After Implementation', 10 FAQs. Published 12 days after it. The only part worth carrying over is the 5-signal table (Recognition, Clarity, Consistency, Transparency, Reliability). The scenarios are illustrations, not sourced cases, and the after-implementation outcomes are unsourced. Target is a keep row in this list and not yet in pages-index.tsv, so the 301 resolves only once that post is imported. Decided on content only (no Search Console data)."
/patient-stories-marketing/,merge,/clinic-marketing-strategy/,,"A third copy of the same marketing template that is thin once the filler goes. Its one useful point, consent-led anonymised patient stories, fits as a section of the marketing post.","Pushes Instagram 'before and after' posts and testimonials without mentioning the Indian medical-council limits on doctors soliciting patients (IMC Regulations 2002, 6.1), a compliance gap. Its EasyClinic tie-in is vague ('journeys become story-ready'). Uses the same section template and 10-FAQ block as /clinic-branding/ and /clinic-marketing-strategy/, and its CTAs point to the raw IP 143.198.231.228. Target is a keep row in this list and not yet in pages-index.tsv, so the 301 resolves only once that post is imported. Decided on content only (no Search Console data)."
/data-centric-pathology-clinics/,merge,/features/lab/,,"Mostly frontier-tech hype (robotics, AR/VR, AI copilots). Its only buyer content, pathology-lab operations, is already covered by /features/lab/, which is also where the held /pathology-clinic-management-software/ post is merging.","Invented case studies ('30 per cent faster report turnaround', 'reduced claim rejections'). Claims robotic lab systems 'feed directly into' EasyClinic, and uses AR/VR 3D dashboards to read lab trends, with nothing to back either up. What survives is a generic list of problems (sample tracking, missed abnormal-result follow-ups, billing leaks) that the lab feature page already owns. /ai-tools-in-pathology/ was already merged and the telepathology post dropped; /pathology-clinic-management-software/ is on hold (Triage 2026-09-26) and not a kept post. Decided on content only (no Search Console data)."
/ai-gynaecology-equipment-in-india/,drop,410,,"Frontier-technology equipment roundup (AI ultrasound, robotic surgery systems) with no buyer intent for clinic software (spec 3.6).","Price table for GE Voluson, Siemens and Allengers ultrasound (₹15 to 65 lakh) and robotic gynae surgery (₹6 to 10 crore). Invented 'IVF clinic in Delhi' with an 18% implantation gain. Unverified claim that EasyClinic offers 'diagnostic integration' of imaging. OB-GYN software intent is already owned by /obgyn-emr-software/. Decided on content only (no Search Console data)."
/ai-radiology-equipment-suppliers-in-india/,drop,410,,Equipment supplier directory with no clinic-software angle (spec 3.6).,"Lists hardware vendors (SBM, Allengers, Trivitron, Panacea, BPL) with CT, MRI and X-ray prices and AMC percentages. Unsourced 'diagnostic centre in Pune' cut turnaround 'by half' anecdote. The '451% ROI' figure also appears in the other two radiology equipment posts. EasyClinic appears only as bolted-on CTA links. Decided on content only (no Search Console data)."
/ge-vs-siemens-ai-radiology/,drop,410,,Brand-versus-brand imaging-hardware comparison (GE vs Siemens) with no buyer intent for clinic software (spec 3.6).,Compares GE Revolution CT (₹4.5 to 8 crore) with Siemens AI-Rad Companion (₹25 lakh to 1 crore). Credits Apollo Hospitals with a 20-minute stroke-decision gain without a source. Repeats the '451% ROI' and '97% sensitivity' figures. The EasyClinic mention is a one-line CTA. Decided on content only (no Search Console data).
/ai-radiology-equipment-in-india/,drop,410,,"Imaging-equipment price and brand list, near-duplicating the two other radiology equipment posts, with no clinic-software angle (spec 3.6).","Price table for AI X-ray, CT and MRI (up to ₹5 crore) plus AMC costs. Unsourced 'diagnostic centre in Delhi' with a 20% throughput gain, and stroke 'recovery rates tripled' figures without sources. Same 451% ROI claim as its sibling posts. Radiology software intent sits with /radiology-clinic-software/. Decided on content only (no Search Console data)."
/best-dental-equipment-in-india/,drop,410,,"Equipment shopping list (chairs, autoclaves, RVG, CAD/CAM prices) with no clinic-software angle (spec 3.6). Dental software intent is owned by /dental-emr-software/.","Dental chair and autoclave price lists from retailer listings. Invented 'mid-size clinic in Delhi' (40% shorter wait, 30% more cosmetic acceptance) and 'Bengaluru clinic' (+35% revenue). Unsourced '25 to 40% higher revenue'. Factual error: 'scalers for tooth transplant procedures'. Decided on content only (no Search Console data)."
/dental-implants-future-in-india/,drop,410,,"Frontier-technology post (robotic implant surgery, digital scans) with an equipment price list and no buyer intent for clinic software (spec 3.6).","Covers Yomi robotic system prices (₹3 to 4 crore) and implant brands (Nobel Biocare, Straumann, Osstem). Invented 'Delhi-based clinic' with '95% patient satisfaction'. EasyClinic appears only as a CTA ('manage digital scans'). Sits alongside the already-dropped /dental-robotics-in-india/. Decided on content only (no Search Console data)."
/digital-dentistry-in-india/,drop,410,,"Dental-technology equipment roundup (CAD/CAM, 3D printing, AI smile design) with no clinic-software buyer intent (spec 3.6).","Brand and price table (CAD/CAM ₹15 to 30 lakh, intraoral scanners, 3D printers). Unsourced 'Indian Dental Association: 40% growth' figure. Unverified named-dentist case with a '90%' cut in restoration time, plus an invented 'Bengaluru clinic' with 35% more cosmetic acceptance. The EasyClinic tie-in is a one-line CTA. Decided on content only (no Search Console data)."
/latest-lasik-technology-india/,drop,410,,"Laser-platform comparison and price list for eye surgeons, with no clinic-software buyer intent (spec 3.6). Ophthalmology software is owned by /ophthalmology-emr/.","Compares ZEISS VisuMax 800, Alcon InnovEyes, Schwind and NIDEK lasers with ₹1 to 3.5 crore prices and AMC costs. Contains the impossible claim of '200% accurate diagnosis' and an unsourced 'procedure time reduced by 40%' case. EasyClinic appears only as CTA links. Decided on content only (no Search Console data)."
/advanced-eye-surgery-machines-in-india/,drop,410,,"Surgical-equipment shopping list (femtosecond, phaco and excimer systems) with no clinic-software angle (spec 3.6).","Price table (₹15 lakh to 3.5 crore) for Alcon, J&J, Zeiss and Bausch + Lomb systems. Says Apollo, Narayana Nethralaya and Sankara 'reported better surgery scores' without sources. Calls NIDEK a 'local Indian brand' (it is Japanese). Links to an irrelevant Aesthetic EMR page. Decided on content only (no Search Console data)."
/bpl-cardiart-9108d-vs-mindray-m7/,drop,410,,Brand-versus-brand medical-device comparison with no clinic-software buyer intent (spec 3.6).,"Compares a 12-lead ECG (₹99k to 1.15 lakh) with a portable echo system (₹12 to 15 lakh), which are not like-for-like devices. Lists authorised sellers. EasyClinic appears only as parenthetical links, including an irrelevant Aesthetic EMR link. Cardiology software intent is owned by /cardiology-emr/. Decided on content only (no Search Console data)."
/remote-cardiac-monitoring/,drop,410,,Wearable-device brand and price roundup with medical inaccuracies and no clinic-software buyer intent (spec 3.6).,"Price table for Frontier X2, CardiacSense, LifeSignals and InfoBionic. Invented 'Delhi-based cardiac clinic' (25% fewer admissions, 30% of admin time saved). '100% accuracy' claim, and says wearables give 'continuous feedback for anaesthesia safety' during surgery. Unverified claim that EasyClinic captures wearable data. Decided on content only (no Search Console data)."
/cardiology-equipment-in-india/,drop,410,,'Where to buy' supplier directory and ECG price list with no clinic-software angle (spec 3.6).,"Supplier list (Exporters India, STS Medicals, Meril, Opto Circuits) and ECG machine price tables. Invented 'mid-sized cardiology clinic in Bangalore' (35% more throughput, 50% less downtime) credited to EasyClinic EMR integration. Cardiology software intent is owned by /cardiology-emr/. Decided on content only (no Search Console data)."
/why-doctors-should-care-about-patient-journey-mapping/,merge,/features/patient-engagement/,,"Too thin to stand alone: it defines a patient journey without showing how to map one, and its stages (booking, reminders, follow-up, feedback) are the onboard, remind, follow-up, ask and reward loops that /features/patient-engagement/ already covers.","704 words, published 12 May 2025 in a batch of about 16 generic posts in two hours; definitions and bullet lists only, with no template, method or example map; off-topic asides on 'AI-powered analytics' and 'smart inventory use'. /whatsapp-patient-journey/, which covers the first-visit journey in concrete terms, is itself on hold (Triage 2026-09-26) and merging into /whatsapp-triage-for-clinics/, so it is not a kept post or a usable target. No Search Console data was available, so this is judged on content alone."
/using-surveys-to-improve-patient-satisfaction/,merge,/features/patient-engagement/,,"The post-visit feedback survey is already the 'Ask' loop on /features/patient-engagement/, and once the unsourced claims are cut this post adds only a short list of survey-design tips.","Gives no sample survey questions; unsourced 'Studies have shown…'; frames privacy in terms of HIPAA, a US law, although the site's markets are India, Kenya, UAE and Nigeria; unconfirmed 'AI-powered feedback loops' claim. What survives: keep it to 10 questions or fewer, send by SMS or QR code, and 'you asked, we acted'. No Search Console data was available, so this is judged on content alone."
/understanding-the-psychology-behind-patient-compliance-and-how-to-improve-it/,merge,/features/patient-engagement/,,"Generic adherence explainer that duplicates /whatsapp-follow-up-automation/ (where the held /whatsapp-patient-compliance-tracking/ is merging) and the gamification post from the same batch; its practical advice (reminders, refill alerts, follow-up calls) is the remind and follow-up loops on the published engagement page.","830 words with no sources, no figures and no worked example; a stray 'H3:' heading left in from a draft; lists psychological factors (knowledge, beliefs, trust, social factors) without saying how a clinic would act on any of them. /whatsapp-patient-compliance-tracking/ is on hold (Triage 2026-09-26), not kept. No Search Console data was available, so this is judged on content alone."
/top-10-ways-to-improve-patient-retention/,merge,/features/patient-engagement/,,"/features/patient-engagement/ is built around patient retention ('Patient retention slips between visits') and already covers every item on this list, so under spec 4.5 the post competes with it for the same query.","Generic 10-item list (personalise messages, reminders, welcoming clinic, staff training, transparent pricing, loyalty programme, education, feedback, technology, newsletters) with no examples or data; the loyalty, recall and feedback items duplicate the page's loyalty, recall-campaign and survey sections. No Search Console data was available, so this is judged on content alone."
/strategic-efficiency-should-your-clinic-outsource-non-core-tasks/,keep,/strategic-efficiency-should-your-clinic-outsource-non-core-tasks/,/features/revenue-management/,"It answers a real operations decision for clinic owners (what to outsource and what to keep in-house) that no published page or kept post owns, and the decision framework is still useful once the invented case and cost figures are cut.","Must cut: the invented 'multi-specialty urban outpatient center' case with made-up results (35% faster billing, 20% more appointments), the unsourced '20–40% reduction in HR and admin costs', HIPAA framing that does not fit the site's markets, and 'Contact EasyClinic for vetted support solutions', which implies an outsourcing service that is not confirmed. Useful material that survives: core vs non-core split, vendor checklist (SLAs, data-handling agreements, access controls), a challenges-and-fixes table, 'When should you NOT outsource' and a start-small sequence. Billing and claims are the main outsourcing examples, so it should send readers to the revenue page, and 'RCM' wording must follow spec 4.5 rule 2. No Search Console data was available, so this is judged on content alone."
/role-of-empathy-in-patient-care/,merge,/effective-patient-communication-techniques/,,"Bedside-manner advice that is a near-duplicate of /effective-patient-communication-techniques/, which this list keeps. Both come from the same 12 May 2025 batch, and this post's first section is 'Empathy as the Foundation of Patient Communication'. Under spec 4.5 it should redirect to that post instead of returning 410, although on its own it still answers no software-buying question.","Advice is active listening, body language and validating fears, which the communication post covers as its techniques 1 and 5; unconfirmed product claims ('AI prompts … to detect high-risk or emotional patient responses', 'natural language processing to highlight emotional triggers') must not carry over; unsourced claims that empathy cuts readmissions and burnout; generic COVID-19 crisis section. The keep row for the communication post already proposed folding this one in. Target is a keep row in this list and not yet in pages-index.tsv, so the 301 resolves only once that post is imported; if that keep is not confirmed, this falls back to 410. No Search Console data was available, so this is judged on content alone."
/revolutionizing-care-delivery-remote-patient-monitoring-for-clinics/,drop,410,,"This is a device-focused wearables and IoT explainer, the kind the manifest already marks DROP-frontier (e.g. /wearable-devices-and-remote-health-monitoring-empowering-clinics-and-patients/); no published page covers remote monitoring, so it has nowhere to redirect.","Most of the post lists devices (smartwatches, CGMs, BP monitors, glucometers, pulse oximeters, thermometers); unconfirmed claims that device data flows into EasyClinic's EMR and that 'EasyClinic delivers all this in one platform'; HIPAA framing; stray 'H3:' headings. /features/telehealth/ covers video consults only. The newer post on the same topic, /remote-patient-monitoring-system/, is also dropped in this list, so 410 stands for both. No Search Console data was available, so this is judged on content alone."
/mastering-efficiency-7-essential-tips-for-streamlined-clinic-management/,merge,/solutions/solo-clinic/,,"Seven generic tips, each already owned by a feature page. It is a near-duplicate of /empowering-excellence-building-a-culture-of-efficiency-in-your-clinic/ and of /future-proofing-your-practice-task-automation-tools-every-clinic-should-consider/ (held, merging into /clinic-workflow-automation/). Once the invented case study goes, too little is left to justify its own post.","Invented Malaysia GP case study with made-up results (30% shorter waits, 45% higher retention, 25% fewer claim errors); tips are scheduling, staff training, workflows, communication, technology, patient-centred care and retention, one short paragraph each; /solutions/solo-clinic/ ('A Tuesday with and without EasyClinic', 'What EasyClinic fixes first') walks through the same day-to-day fixes. The future-proofing post is on hold (Triage 2026-09-26), not kept. No Search Console data was available, so this is judged on content alone."
/maintaining-trust-how-to-handle-negative-reviews-in-healthcare-professionally/,keep,/maintaining-trust-how-to-handle-negative-reviews-in-healthcare-professionally/,/features/patient-engagement/,"It answers a specific clinic-owner question (how to reply to a bad online review without breaking patient confidentiality) with steps and reply templates that are still useful after the cuts; no published page covers this, and /google-reviews-for-clinics/ touches it in only one FAQ.","Useful material that survives: a step-by-step reply process (pause, acknowledge, never confirm the person was a patient, move to a private channel, log the issue by category, don't delete); sample replies; asking satisfied patients for reviews by QR code or SMS; a 'what not to do' table. Must cut: the unsourced 'Nearly 80% of patients read online reviews' and the invented 1-star-to-4-star case study. Must replace the HIPAA references with local confidentiality and data-protection rules (DPDP, Kenya DPA, UAE PDPL, NDPA). In this list /google-reviews-for-clinics/ is also kept for the broader 'reviews decide the near-me search' query and /online-reputation-management/ merges into it; this post owns the narrower 'how to reply to a negative review' query, and the two should link to each other. The owner page's feedback-survey loop is the product link. No Search Console data was available, so this is judged on content alone."
/enhance-clinic-outcomes-improving-patient-engagement-with-digital-tools/,merge,/features/patient-engagement/,,"Near-duplicate of the 'patient engagement software' query that /features/patient-engagement/ owns (the old /patient-engagement-software/ post is held and merging into that page too), with nothing specific enough to keep.","702 words of generic claims ('significantly boost', 'revolutionizing healthcare access') with no figures, examples or screenshots; the messaging, reminder, portal and app sections repeat the engagement page; the virtual-consult section repeats /features/telehealth/; the wearables section is out of scope. /patient-engagement-software/ is on hold (Triage 2026-09-26), not kept. No Search Console data was available, so this is judged on content alone."
/importance-of-timely-follow-ups-in-patient-satisfaction/,merge,/features/patient-engagement/,,"Generic follow-up advice that duplicates the 'Follow up' loop and condition-based recall campaigns on /features/patient-engagement/, and the kept /whatsapp-follow-up-automation/ covers the same ground more concretely.","10-point list (show you care, adherence, readmissions, trust, scheduling, personalisation, chronic care, feedback, education, newsletters) with no timings, sample messages or data; the published page already includes a sample diabetes-review recall. No Search Console data was available, so this is judged on content alone."
/how-personalized-care-enhances-patient-experience/,merge,/features/patient-engagement/,,"Its practical points (tailored reminders, birthday messages, loyalty perks, feedback) duplicate /features/patient-engagement/ and the kept /personalised-whatsapp-messages/, and the rest is too vague to keep.","Vague 'According to McKinsey & Company' claim with no link or figure; strays into genetics-based treatment and AI outcome prediction, which clinic software does not do; the loyalty-programme, invoice and staff-greeting sections are generic. No Search Console data was available, so this is judged on content alone."
/gamification-in-action-engaging-patients-for-better-compliance/,merge,/features/patient-engagement/,,"The only confirmed version of this idea is the 'Reward' loop on /features/patient-engagement/ (loyalty points for regular visits and keeping to a treatment plan), and the rest of the post rests on product claims that are not confirmed.","Claims EasyClinic can 'track rewards and points through EMR dashboards' and 'customize levels and badges', none of which is confirmed; invented scenarios (diabetes leaderboard where 'top performers win consultation discounts', paediatric asthma badges); HIPAA framing; overlaps the patient-compliance psychology post. No Search Console data was available, so this is judged on content alone."
/fostering-doctor-patient-trust-through-digital-healthcare-communication/,merge,/features/patient-engagement/,,"Thin, generic post whose points (portal and secure messaging, feedback, data protection) are already covered by /features/patient-engagement/, including its consent and opt-out section by country. They also overlap /strengthening-patient-clinic-relationships-through-automated-communication/, which is held and merging into the same page.","686 words of H2/H3 headings with one or two general sentences each; no examples, sources or specifics; 'Displaying Real Testimonials' and 'Compliance with Regulations' name no rule or method. /strengthening-patient-clinic-relationships-through-automated-communication/ is on hold (Triage 2026-09-26), not kept. No Search Console data was available, so this is judged on content alone."
/empowering-your-team-the-importance-of-staff-training-and-development-in-clinics/,keep,/empowering-your-team-the-importance-of-staff-training-and-development-in-clinics/,/switch/,"It answers a real operations question (how to plan staff training in a clinic), no published page or kept post owns it, and the training framework is still useful once the invented case study is cut.","Must cut: invented Mumbai multi-specialty case study with made-up results (40% fewer billing disputes, 25% faster appointments, 15% better retention); HIPAA framing. Useful material that survives: training areas by role (clinical, front desk and billing, communication, compliance), a five-step plan (find skill gaps, 3–6 month plan, mentors, delivery tools, feedback) and a training-type table. It is different from /maximise-clinic-efficiency-with-smart-hr-management-systems/ (HR software: attendance, rosters, payroll), which is on hold (Triage 2026-09-26) and merging into the KPIs post, not kept. /building-a-strong-team-top-hr-strategies-for-clinic-staff-retention/ also merges into the KPIs post in this list, so this is the only staff post left standing. Owner /switch/ is the only published page that describes EasyClinic's own staff training (four sessions over {fact:trainingDays} days). No Search Console data was available, so this is judged on content alone."
/empowering-excellence-building-a-culture-of-efficiency-in-your-clinic/,merge,/features/reports-and-dashboards/,,"Near-duplicate of the 7-tips efficiency post from the same batch; once the invented case study is cut, its one concrete idea is tracking efficiency numbers, which /features/reports-and-dashboards/ and the kept /measuring-what-matters-using-healthcare-kpis-to-track-and-improve-clinic-performance/ already cover.","Invented Malaysia paediatric-clinic case study with made-up results (35% shorter waits, 45% better billing accuracy, 60% lower staff turnover, 50% higher satisfaction); generic sections on intake, scheduling, EMR, telehealth, huddles, recognition and inventory; the KPI list (wait time, no-show rate, staff-to-patient ratio, documentation time) matches the dashboards page's morning numbers and staff-performance section. No Search Console data was available, so this is judged on content alone."
/empowering-clinic-success-how-proper-data-management-improves-operations/,merge,/features/reports-and-dashboards/,,"A generic explainer on why clinic data matters, which is too thin once the invented case study and unconfirmed claims are cut; its metrics-to-track section belongs on the page that owns clinic dashboards and reports.","Invented Pune internal-medicine case study with made-up 40% shorter waits and 22% more revenue; unconfirmed predictive-analytics and seasonal-forecast claims; US HIPAA framing; otherwise a generic list (integration, automation, access control, no-show and wait-time metrics) that /features/reports-and-dashboards/ and /features/emr/ already cover. No Search Console data here, so judged on content alone."
/effective-patient-communication-techniques/,keep,/effective-patient-communication-techniques/,/features/patient-engagement/,"It answers a real patient-experience question for clinic owners and their staff, with substance that holds up without any invented material, and no existing page owns the patient-communication query, so it should be the one post for that cluster.","Ten concrete techniques (active listening, plain language, teach-back, visual aids, open-ended questions, shared decision-making, staff scripts, post-visit surveys) with no case study and no statistics; only the product asides need cutting ('AI-powered communication can help flag emotional cues', chatbots). /role-of-empathy-in-patient-care/ now merges into it in this list. /fostering-doctor-patient-trust-through-digital-healthcare-communication/ goes to /features/patient-engagement/ because its points are about the portal and messaging. It is not yet in pages-index.tsv, so it must be imported before the empathy 301 resolves. No Search Console data, so this does not rest on ranking."
/educating-patients-through-digital-content-elevating-understanding-and-outcomes/,merge,/features/patient-engagement/,,"This patient-education explainer is too thin once its unsourced outcome claims and unconfirmed product claims are cut, and sending condition-specific messages to patients between visits is what /features/patient-engagement/ owns.","Unsourced claim 'Clinics using digital health resources report higher treatment adherence, decreased medication errors'; mentions VR simulations; unconfirmed claims that EasyClinic AI analytics score content and push condition-specific materials after consults; otherwise a list of formats (video, quizzes, apps, SMS) with no how-to. No Search Console data, so judged on content alone."
/building-clinical-consistency-must-have-sops-for-efficient-healthcare-operations/,merge,/clinical-governance-software/,,"This is the same query cluster as the kept post whose head keyword is 'clinical sops & governance', so its SOP checklist should move there instead of competing with it.","Invented Indian multi-specialty chain case study with made-up 45% faster processing, 30% fewer billing errors and '100% audit-readiness'; mixes US CLIA and JCI with NABH; the surviving substance is a checklist of 15 SOP types (infection control, medication, emergencies, patient ID, documentation, billing, inventory, incident reporting) plus SOP-writing steps, which fits as a section of /clinical-governance-software/. Target is a draft keep in pages-index.tsv and is not held; note that its own manifest row still names /blog/ as owner and needs a landing-page owner. No Search Console data, so judged on content alone."
/building-a-strong-team-top-hr-strategies-for-clinic-staff-retention/,merge,/measuring-what-matters-using-healthcare-kpis-to-track-and-improve-clinic-performance/,,"Once the invented case and the unconfirmed HR-module claims are cut, only generic HR advice and a staff-metrics list remain; no landing page owns HR, and the other workflow is sending the HR post to this same kept KPIs post.","Invented Bangalore pediatric clinic case (turnover down from 40% to 12%, satisfaction up 43%, onboarding time halved in six months); unconfirmed product claims ('payroll integrations', 'integrated HR insights'); the rest is generic, non-clinic-specific HR tips (pay benchmarking, benefits, mentorship, career paths); its HR metrics list (turnover, time to hire, time to productivity) fits the KPIs post. No Search Console data, so judged on content alone."
/breaking-the-burnout-cycle-how-clinic-automation-helps-doctors-reclaim-time-and-focus/,merge,/ai/,,"It duplicates the burnout query of the newer /physician-burnout/ post, and its main point, cutting documentation time, is the query /ai/ owns under spec 4.5 rule 1 (scribe and documentation).","Unsourced 'nearly 50% of physicians report symptoms of burnout'; invented Bangalore family clinic case with made-up 35%, 40% and 25% results; unconfirmed claims (clinical decision support, population-health prediction, sending prescriptions to pharmacies, supplier-database reordering, instant eligibility checks); the rest restates feature pages. No Search Console data, so judged on content alone."
/top-10-doctor-apps-every-physician-should-use/,drop,410,,"A roundup of third-party clinical reference apps with no clinic-software buyer intent, which falls under spec 3.6's frontier and off-topic pruning.","Lists Medscape, Epocrates, VisualDx, UpToDate, Skyscape, MDCalc, the USPSTF Prevention Task Force app, DynaMed, PEPID and Lexicomp, and is US-centric; the only EasyClinic tie is an unconfirmed claim that EasyClinic 'integrates with these tools'. No Search Console data, so judged on content alone."
/mhealth-apps-and-mobile-health-innovations-doctors-must-know-in-2025/,drop,410,,"A dated 2025 mobile-health trends piece built on frontier technology (AI symptom checkers, IoMT wearables, precision medicine) with no buyer question behind it (spec 3.6).","Trend sections on AI predictive diagnostics, IoMT devices feeding EMRs, phone-camera diagnostics and precision-medicine platforms; unconfirmed claim that 'EasyClinic leads in this area, offering robust integration between its mobile apps, EMR'; HIPAA advice aimed at a non-US audience; the year is in the slug. No Search Console data, so judged on content alone."
/top-medical-journals-every-doctor-should-follow-for-healthcare-research/,drop,410,,"A list of medical journals for continuing education, with no clinic-operations or software-buying question behind it.","Profiles NEJM, The Lancet, JAMA, BMJ, Annals of Internal Medicine, PLOS Medicine and JCO, plus reading-habit tips; the software ties are forced filler ('JAMA is ideal for doctors who also manage administrative tasks via clinic management software'). No Search Console data, so judged on content alone."
/essential-updates-on-clinical-guidelines-2025-what-doctors-must-know/,drop,410,,"A vague, dated clinical-news roundup that names no actual 2025 guideline change and carries no buyer intent for clinic software.","Generic sections on evidence-based medicine and 'quality of care' with no guideline cited; an uncited NMC generic-prescribing point; illustrative 'case examples' with no source; 2025 in the slug. No Search Console data, so judged on content alone."
/top-strategies-to-boost-patient-acquisition-in-2024/,merge,/clinic-marketing-strategy/,,"A dated 2024 listicle that is half product pitch and too thin once that is cut. It opens 'Here are a few things you can do to market your clinic and boost patient acquisition', so it belongs to the clinic-marketing cluster. This list keeps /clinic-marketing-strategy/ as that cluster's home, which is the condition the original proposal set for retargeting it there.","568 words, two of its four 'strategies' are 'buy an EMR' and 'use an appointment system'; unsourced 'about 4.5% of daily web searches are health-related'; unconfirmed 'bank level data security', 'virtual clinic in less than a minute' and a 'free 30 day trial' offer; the online-presence and survey tips are one-liners. The point that patients who cannot book easily go elsewhere can still link from the marketing post to /features/appointment-scheduling/. Target is a keep row in this list and not yet in pages-index.tsv, so the 301 resolves only once that post is imported; if that keep is not confirmed, fall back to /features/appointment-scheduling/. No Search Console data, so judged on content alone."
/how-to-make-your-waiting-room-more-patient-friendly/,keep,/how-to-make-your-waiting-room-more-patient-friendly/,/features/appointment-scheduling/,"It answers a real patient-experience question for clinic owners setting up or renovating a clinic, and no page owns the waiting-room query; its wait-time point should send readers to the page that covers the OPD queue and wait-time updates.","Five practical tips with no case study (cleanliness, seating and a children's area, entertainment, a wait-time board, refreshments), then a section on cutting waits with software; the unsourced 'prescriptions in less than 30 seconds' claim and the 'book a free 30 day trial' offer must be removed in the refresh, and at 589 words from 2022 it needs expanding. No Search Console data, so this does not rest on ranking."
/tips-to-help-you-deliver-professional-care-online/,merge,/features/telehealth/,,"The video-consult etiquette tips are too thin to stand alone, and the telemedicine cluster already has its landing page, so the checklist should become a short section there.","About 500 words of common-sense tips (test camera and mic, lighting, dress formally, be on time, body language, confidentiality); unconfirmed 'set up your virtual clinic in less than a minute' and end-to-end encryption claims; overlaps the kept telemedicine posts and /features/telehealth/. No Search Console data, so judged on content only."
