path,research_class,proposed_decision,target,owner_page,reason,confirmed
/clinic-cash-flow/,KEEP-buyer,keep,/clinic-cash-flow/,/features/billing/,Answers a buyer question or ranks; refresh with author and date,
/lab-report-management/,KEEP-buyer,keep,/lab-report-management/,/features/lab/,Answers a buyer question or ranks; refresh with author and date,
/clinic-workflow-automation/,KEEP-buyer,keep,/clinic-workflow-automation/,/blog/,Answers a buyer question or ranks; refresh with author and date,
/clinic-compliance-checklist/,KEEP-buyer,keep,/clinic-compliance-checklist/,/trust/,Answers a buyer question or ranks; refresh with author and date,
/ai-emr-software-vs-traditional-emr/,KEEP-buyer,keep,/ai-emr-software-vs-traditional-emr/,/features/emr/,Answers a buyer question or ranks; refresh with author and date,
/clinic-legal-mistakes/,KEEP-buyer,keep,/clinic-legal-mistakes/,/trust/,Answers a buyer question or ranks; refresh with author and date,
/abdm-compliance/,KEEP-buyer,keep,/abdm-compliance/,/trust/,Answers a buyer question or ranks; refresh with author and date,
/patient-data-privacy-mistakes/,KEEP-buyer,keep,/patient-data-privacy-mistakes/,/trust/,Answers a buyer question or ranks; refresh with author and date,
/clinic-compliance-laws-in-india/,KEEP-buyer,keep,/clinic-compliance-laws-in-india/,/trust/,Answers a buyer question or ranks; refresh with author and date,
/rural-healthcare-market-in-india/,KEEP-buyer,keep,/rural-healthcare-market-in-india/,/clinic-management-software-india/,Answers a buyer question or ranks; refresh with author and date,
/malaysia-healthcare-boom/,KEEP-buyer,keep,/malaysia-healthcare-boom/,/blog/,Answers a buyer question or ranks; refresh with author and date,
/kenya-vs-nigeria-clinic/,KEEP-buyer,keep,/kenya-vs-nigeria-clinic/,/emr-software-in-kenya/,Answers a buyer question or ranks; refresh with author and date,
/starting-a-clinic-in-dubai/,KEEP-buyer,keep,/starting-a-clinic-in-dubai/,/clinic-management-software-uae/,Answers a buyer question or ranks; refresh with author and date,
/clinic-growth-in-africa/,KEEP-buyer,keep,/clinic-growth-in-africa/,/blog/,Answers a buyer question or ranks; refresh with author and date,
/clinic-business-in-tier-2-cities/,KEEP-buyer,keep,/clinic-business-in-tier-2-cities/,/clinic-management-software-india/,Answers a buyer question or ranks; refresh with author and date,
/clinic-break-even-point/,KEEP-buyer,keep,/clinic-break-even-point/,/features/revenue-management/,Answers a buyer question or ranks; refresh with author and date,
/clinic-financial-mistakes/,KEEP-buyer,keep,/clinic-financial-mistakes/,/features/revenue-management/,Answers a buyer question or ranks; refresh with author and date,
/profitable-clinic-setup/,KEEP-buyer,keep,/profitable-clinic-setup/,/start-a-clinic/,Answers a buyer question or ranks; refresh with author and date,
/clinic-setup-cost-in-india/,KEEP-buyer,keep,/clinic-setup-cost-in-india/,/clinic-management-software-india/,Answers a buyer question or ranks; refresh with author and date,
/whatsapp-groups-for-patient-care/,KEEP-buyer,keep,/whatsapp-groups-for-patient-care/,/features/whatsapp/,Answers a buyer question or ranks; refresh with author and date,
/whatsapp-referrals-for-clinics/,KEEP-buyer,keep,/whatsapp-referrals-for-clinics/,/features/whatsapp/,Answers a buyer question or ranks; refresh with author and date,
/paperless-clinic-workflow/,KEEP-buyer,keep,/paperless-clinic-workflow/,/features/emr/,Answers a buyer question or ranks; refresh with author and date,
/easyclinic-emr-vs-traditional-emr/,KEEP-buyer,keep,/easyclinic-emr-vs-traditional-emr/,/features/emr/,Rebuilt as a comparison page,
/easyclinic-vs-practo/,KEEP-buyer,keep,/easyclinic-vs-practo/,/blog/,Rebuilt as a comparison page,
/easyclinic-vs-healthplix/,KEEP-buyer,keep,/easyclinic-vs-healthplix/,/blog/,Rebuilt as a comparison page,
/easyclinic-vs-kenyaemr/,KEEP-buyer,keep,/easyclinic-vs-kenyaemr/,/emr-software-in-kenya/,Rebuilt as a comparison page,
/whatsapp-patient-journey/,KEEP-buyer,keep,/whatsapp-patient-journey/,/features/whatsapp/,Answers a buyer question or ranks; refresh with author and date,
/whatsapp-follow-up-automation/,KEEP-buyer,keep,/whatsapp-follow-up-automation/,/features/whatsapp/,Answers a buyer question or ranks; refresh with author and date,
/whatsapp-triage-for-clinics/,KEEP-buyer,keep,/whatsapp-triage-for-clinics/,/features/whatsapp/,Answers a buyer question or ranks; refresh with author and date,
/personalised-whatsapp-messages/,KEEP-buyer,keep,/personalised-whatsapp-messages/,/features/whatsapp/,Answers a buyer question or ranks; refresh with author and date,
/whatsapp-no-show-reduction/,KEEP-buyer,keep,/whatsapp-no-show-reduction/,/features/whatsapp/,Answers a buyer question or ranks; refresh with author and date,
/whatsapp-post-surgery-care/,KEEP-buyer,keep,/whatsapp-post-surgery-care/,/features/whatsapp/,Answers a buyer question or ranks; refresh with author and date,
/radiology-clinic-software/,KEEP-buyer,keep,/radiology-clinic-software/,/blog/,Answers a buyer question or ranks; refresh with author and date,
/whatsapp-patient-compliance-tracking/,KEEP-buyer,keep,/whatsapp-patient-compliance-tracking/,/features/whatsapp/,Answers a buyer question or ranks; refresh with author and date,
/whatsapp-clinic-automation/,KEEP-buyer,keep,/whatsapp-clinic-automation/,/features/whatsapp/,Answers a buyer question or ranks; refresh with author and date,
/healthcare-compliance-software/,KEEP-buyer,keep,/healthcare-compliance-software/,/trust/,Answers a buyer question or ranks; refresh with author and date,
/billing-fraud-detection-for-clinics/,KEEP-buyer,keep,/billing-fraud-detection-for-clinics/,/features/billing/,Answers a buyer question or ranks; refresh with author and date,
/insurance-claim-management-system/,KEEP-buyer,keep,/insurance-claim-management-system/,/features/insurance-claims/,Answers a buyer question or ranks; refresh with author and date,
/clinical-governance-software/,KEEP-buyer,keep,/clinical-governance-software/,/blog/,Answers a buyer question or ranks; refresh with author and date,
/clinic-software-migration/,KEEP-buyer,keep,/clinic-software-migration/,/blog/,Answers a buyer question or ranks; refresh with author and date,
/clinic-inventory-management-system/,KEEP-buyer,keep,/clinic-inventory-management-system/,/features/pharmacy-and-inventory/,Answers a buyer question or ranks; refresh with author and date,
/healthcare-dashboard-software/,KEEP-buyer,keep,/healthcare-dashboard-software/,/features/reports-and-dashboards/,Answers a buyer question or ranks; refresh with author and date,
/online-appointment-booking-system/,KEEP-buyer,keep,/online-appointment-booking-system/,/features/appointment-scheduling/,Answers a buyer question or ranks; refresh with author and date,
/medical-transcription-software/,KEEP-buyer,keep,/medical-transcription-software/,/blog/,Answers a buyer question or ranks; refresh with author and date,
/payor-management-system/,KEEP-buyer,keep,/payor-management-system/,/features/insurance-claims/,Answers a buyer question or ranks; refresh with author and date,
/patient-engagement-software/,KEEP-buyer,keep,/patient-engagement-software/,/features/patient-engagement/,Answers a buyer question or ranks; refresh with author and date,
/emr-software-for-cardiology/,KEEP-buyer,merge,/cardiology-emr/,,Specialty-software post competing with the specialty page (research note),
/pulmonology-ai-clinic-software/,KEEP-buyer,keep,/pulmonology-ai-clinic-software/,/ai/,Answers a buyer question or ranks; refresh with author and date,
/clinic-management-software-for-psychology/,KEEP-buyer,merge,/mental-health/,,Specialty-software post competing with the specialty page (research note),
/ai-surgery-clinic-software/,KEEP-buyer,keep,/ai-surgery-clinic-software/,/ai/,Answers a buyer question or ranks; refresh with author and date,
/trichology-clinic-management-software/,KEEP-buyer,merge,/dermatology-emr-software/,,Specialty-software post competing with the specialty page (research note),
/clinic-management-software-for-rheumatology/,KEEP-buyer,keep,/clinic-management-software-for-rheumatology/,/blog/,Answers a buyer question or ranks; refresh with author and date,
/physiotherapy-clinic-management-software/,KEEP-buyer,keep,/physiotherapy-clinic-management-software/,/blog/,"Already a page at this slug (guide, specialty or listicle)",
/pathology-clinic-management-software/,KEEP-buyer,keep,/pathology-clinic-management-software/,/features/lab/,Answers a buyer question or ranks; refresh with author and date,
/oncology-clinic-management-software/,KEEP-buyer,keep,/oncology-clinic-management-software/,/blog/,Answers a buyer question or ranks; refresh with author and date,
/ophthalmology-clinic-management-software/,KEEP-buyer,merge,/ophthalmology-emr/,,Specialty-software post competing with the specialty page (research note),
/clinic-management-software-for-general-practitioners/,KEEP-buyer,keep,/clinic-management-software-for-general-practitioners/,/blog/,Answers a buyer question or ranks; refresh with author and date,
/immunology-clinic-management-software/,KEEP-buyer,keep,/immunology-clinic-management-software/,/blog/,Answers a buyer question or ranks; refresh with author and date,
/haematology-clinic-management-software/,KEEP-buyer,keep,/haematology-clinic-management-software/,/blog/,Answers a buyer question or ranks; refresh with author and date,
/alternative-medicine-clinic-management-software/,KEEP-buyer,keep,/alternative-medicine-clinic-management-software/,/blog/,Answers a buyer question or ranks; refresh with author and date,
/ayurveda-clinic-management-software/,KEEP-buyer,keep,/ayurveda-clinic-management-software/,/blog/,"Already a page at this slug (guide, specialty or listicle)",
/ai-allergy-clinic-software/,KEEP-buyer,keep,/ai-allergy-clinic-software/,/ai/,Answers a buyer question or ranks; refresh with author and date,
/clinic-management-system-for-endocrinologists/,KEEP-buyer,keep,/clinic-management-system-for-endocrinologists/,/blog/,Answers a buyer question or ranks; refresh with author and date,
/clinic-management-system-for-aesthetic-clinics/,KEEP-buyer,merge,/dermatology-emr-software/,,Specialty-software post competing with the specialty page (research note),
/clinic-management-system-for-ivf-clinics/,KEEP-buyer,merge,/ivf-emr/,,Specialty-software post competing with the specialty page (research note),
/clinic-management-system-for-cosmetologists/,KEEP-buyer,merge,/dermatology-emr-software/,,Specialty-software post competing with the specialty page (research note),
/ai-clinic-management-systems-for-diabetologists/,KEEP-buyer,keep,/ai-clinic-management-systems-for-diabetologists/,/ai/,Answers a buyer question or ranks; refresh with author and date,
/clinic-management-systems-for-ophthalmologists/,KEEP-buyer,merge,/ophthalmology-emr/,,Specialty-software post competing with the specialty page (research note),
/clinic-management-for-gastroenterologists/,KEEP-buyer,keep,/clinic-management-for-gastroenterologists/,/blog/,Answers a buyer question or ranks; refresh with author and date,
/clinic-management-systems-for-cardiologists/,KEEP-buyer,merge,/cardiology-emr/,,Specialty-software post competing with the specialty page (research note),
/clinic-management-systems-for-dermatologists/,KEEP-buyer,merge,/dermatology-emr-software/,,Specialty-software post competing with the specialty page (research note),
/clinic-management-system-for-radiologists/,KEEP-buyer,keep,/clinic-management-system-for-radiologists/,/blog/,Answers a buyer question or ranks; refresh with author and date,
/clinic-management-system-for-general-medicine/,KEEP-buyer,keep,/clinic-management-system-for-general-medicine/,/blog/,Answers a buyer question or ranks; refresh with author and date,
/ent-clinic-management-systems/,KEEP-buyer,merge,/ent-emr-software/,,Specialty-software post competing with the specialty page (research note),
/ai-clinic-automation-for-nephrologists/,KEEP-buyer,keep,/ai-clinic-automation-for-nephrologists/,/ai/,Answers a buyer question or ranks; refresh with author and date,
/clinic-automation-for-gynaecologists/,KEEP-buyer,merge,/obgyn-emr-software/,,Specialty-software post competing with the specialty page (research note),
/clinic-management-software-for-paediatric/,KEEP-buyer,merge,/pediatric-emr/,,Specialty-software post competing with the specialty page (research note),
/clinic-management-software-for-neurologists/,KEEP-buyer,merge,/neurology-emr/,,Specialty-software post competing with the specialty page (research note),
/clinic-management-software-for-orthopaedic/,KEEP-buyer,merge,/orthopedic-emr/,,Specialty-software post competing with the specialty page (research note),
/clinic-management-software-for-gynaecology/,KEEP-buyer,merge,/obgyn-emr-software/,,Specialty-software post competing with the specialty page (research note),
/bi-and-reporting-software-for-clinics/,KEEP-buyer,keep,/bi-and-reporting-software-for-clinics/,/features/reports-and-dashboards/,Answers a buyer question or ranks; refresh with author and date,
/easyclinic-ai-automation-software/,KEEP-buyer,keep,/easyclinic-ai-automation-software/,/ai/,Answers a buyer question or ranks; refresh with author and date,
/easyclinic-emr-software-in-india/,KEEP-buyer,keep,/easyclinic-emr-software-in-india/,/features/emr/,Answers a buyer question or ranks; refresh with author and date,
/clinic-management-software/,KEEP-buyer,keep,/clinic-management-software/,/blog/,Answers a buyer question or ranks; refresh with author and date,
/healthcare-management-in-rwanda/,KEEP-buyer,keep,/healthcare-management-in-rwanda/,/blog/,Answers a buyer question or ranks; refresh with author and date,
/mobile-payments-for-ugandan-clinics/,KEEP-buyer,keep,/mobile-payments-for-ugandan-clinics/,/blog/,Answers a buyer question or ranks; refresh with author and date,
/simplifying-healthcare-financing/,KEEP-buyer,keep,/simplifying-healthcare-financing/,/blog/,Answers a buyer question or ranks; refresh with author and date,
/simplifying-ethiopias-healthcare-supply-chain/,KEEP-buyer,keep,/simplifying-ethiopias-healthcare-supply-chain/,/solutions/clinic-chain/,Answers a buyer question or ranks; refresh with author and date,
/cloud-based-emr-for-nigerian-clinics/,KEEP-buyer,keep,/cloud-based-emr-for-nigerian-clinics/,/features/emr/,Answers a buyer question or ranks; refresh with author and date,
/clinic-automation-in-uganda/,KEEP-buyer,keep,/clinic-automation-in-uganda/,/blog/,Answers a buyer question or ranks; refresh with author and date,
/clinic-efficiency-in-malaysia/,KEEP-buyer,keep,/clinic-efficiency-in-malaysia/,/blog/,Answers a buyer question or ranks; refresh with author and date,
/multilingual-digital-prescriptions/,KEEP-buyer,keep,/multilingual-digital-prescriptions/,/features/emr/,Answers a buyer question or ranks; refresh with author and date,
/multilingual-capabilities-in-malaysia/,KEEP-buyer,keep,/multilingual-capabilities-in-malaysia/,/blog/,Answers a buyer question or ranks; refresh with author and date,
/patient-data-management-in-ethiopia/,KEEP-buyer,keep,/patient-data-management-in-ethiopia/,/blog/,Answers a buyer question or ranks; refresh with author and date,
/ndhm-compliance-in-india/,KEEP-buyer,keep,/ndhm-compliance-in-india/,/trust/,Answers a buyer question or ranks; refresh with author and date,
/inventory-management-for-rural-clinics/,KEEP-buyer,keep,/inventory-management-for-rural-clinics/,/features/pharmacy-and-inventory/,Answers a buyer question or ranks; refresh with author and date,
/integrated-pharmacy-management/,KEEP-buyer,keep,/integrated-pharmacy-management/,/features/pharmacy-and-inventory/,Answers a buyer question or ranks; refresh with author and date,
/healthcare-in-uganda/,KEEP-buyer,keep,/healthcare-in-uganda/,/blog/,Answers a buyer question or ranks; refresh with author and date,
/pdpa-compliance-audit/,KEEP-buyer,keep,/pdpa-compliance-audit/,/trust/,Answers a buyer question or ranks; refresh with author and date,
/ai-emr-solutions-rwanda/,KEEP-buyer,keep,/ai-emr-solutions-rwanda/,/features/emr/,Answers a buyer question or ranks; refresh with author and date,
/telemedicine-in-india/,KEEP-buyer,keep,/telemedicine-in-india/,/features/telehealth/,Answers a buyer question or ranks; refresh with author and date,
/visual-data-analytics-in-ethiopian-clinics/,KEEP-buyer,keep,/visual-data-analytics-in-ethiopian-clinics/,/features/reports-and-dashboards/,Answers a buyer question or ranks; refresh with author and date,
/inventory-management-in-rwanda/,KEEP-buyer,keep,/inventory-management-in-rwanda/,/features/pharmacy-and-inventory/,Answers a buyer question or ranks; refresh with author and date,
/clinic-management-in-india/,KEEP-buyer,keep,/clinic-management-in-india/,/clinic-management-software-india/,Answers a buyer question or ranks; refresh with author and date,
/easyclinics-role-in-rwandas-digital-health-transformation/,KEEP-buyer,keep,/easyclinics-role-in-rwandas-digital-health-transformation/,/blog/,Answers a buyer question or ranks; refresh with author and date,
/digitizing-ethiopias-rural-health-facilities-the-benefits-of-easyclinics-integrated-emr/,KEEP-buyer,keep,/digitizing-ethiopias-rural-health-facilities-the-benefits-of-easyclinics-integrated-emr/,/features/emr/,Answers a buyer question or ranks; refresh with author and date,
/compliance-made-easy-adhering-to-nigerian-healthcare-regulations-with-easyclinic/,KEEP-buyer,keep,/compliance-made-easy-adhering-to-nigerian-healthcare-regulations-with-easyclinic/,/trust/,Answers a buyer question or ranks; refresh with author and date,
/automated-compliance-and-reporting-solutions-aligning-with-rwandas-healthcare-standards/,KEEP-buyer,keep,/automated-compliance-and-reporting-solutions-aligning-with-rwandas-healthcare-standards/,/features/reports-and-dashboards/,Answers a buyer question or ranks; refresh with author and date,
/advanced-financial-analytics-improving-profitability-of-malaysian-healthcare-practices/,KEEP-buyer,keep,/advanced-financial-analytics-improving-profitability-of-malaysian-healthcare-practices/,/features/revenue-management/,Answers a buyer question or ranks; refresh with author and date,
/visual-lab-results-easy-interpretation-of-diagnostic-data/,KEEP-buyer,keep,/visual-lab-results-easy-interpretation-of-diagnostic-data/,/features/lab/,Answers a buyer question or ranks; refresh with author and date,
/visual-health-intelligence-making-patient-data-work-for-african-clinics/,KEEP-buyer,keep,/visual-health-intelligence-making-patient-data-work-for-african-clinics/,/blog/,Answers a buyer question or ranks; refresh with author and date,
/unified-scheduling-for-scalable-clinic-networks-in-africa/,KEEP-buyer,keep,/unified-scheduling-for-scalable-clinic-networks-in-africa/,/features/appointment-scheduling/,Answers a buyer question or ranks; refresh with author and date,
/strengthening-patient-clinic-relationships-through-automated-communication/,KEEP-buyer,keep,/strengthening-patient-clinic-relationships-through-automated-communication/,/blog/,Answers a buyer question or ranks; refresh with author and date,
/streamlining-medical-logistics-timely-deliveries-for-multi-location-clinics/,KEEP-buyer,keep,/streamlining-medical-logistics-timely-deliveries-for-multi-location-clinics/,/solutions/clinic-chain/,Answers a buyer question or ranks; refresh with author and date,
/streamlined-lab-operations-quick-and-accurate-diagnostics-with-easyclinic/,KEEP-buyer,keep,/streamlined-lab-operations-quick-and-accurate-diagnostics-with-easyclinic/,/features/lab/,Answers a buyer question or ranks; refresh with author and date,
/smart-inventory-management-with-ai-how-easyclinic-optimises-medical-supplies/,KEEP-buyer,keep,/smart-inventory-management-with-ai-how-easyclinic-optimises-medical-supplies/,/features/pharmacy-and-inventory/,Answers a buyer question or ranks; refresh with author and date,
/simplified-third-party-billing-boosting-revenue-for-african-clinics/,KEEP-buyer,keep,/simplified-third-party-billing-boosting-revenue-for-african-clinics/,/features/billing/,Answers a buyer question or ranks; refresh with author and date,
/securing-your-clinic-user-access-control-simplified/,KEEP-buyer,keep,/securing-your-clinic-user-access-control-simplified/,/blog/,Answers a buyer question or ranks; refresh with author and date,
/seamless-prescription-transfers-elevating-pharmacy-efficiency-with-digital-integration/,KEEP-buyer,keep,/seamless-prescription-transfers-elevating-pharmacy-efficiency-with-digital-integration/,/features/pharmacy-and-inventory/,Answers a buyer question or ranks; refresh with author and date,
/scaling-your-clinic-operations-across-africa-with-easyclinic/,KEEP-buyer,keep,/scaling-your-clinic-operations-across-africa-with-easyclinic/,/blog/,Answers a buyer question or ranks; refresh with author and date,
/real-time-stock-management-avoiding-medical-supply-shortages-in-clinics/,KEEP-buyer,keep,/real-time-stock-management-avoiding-medical-supply-shortages-in-clinics/,/features/pharmacy-and-inventory/,Answers a buyer question or ranks; refresh with author and date,
/maximise-clinic-efficiency-with-smart-hr-management-systems/,KEEP-buyer,keep,/maximise-clinic-efficiency-with-smart-hr-management-systems/,/blog/,Answers a buyer question or ranks; refresh with author and date,
/managing-insurance-claims-effortlessly-with-easyclinic/,KEEP-buyer,keep,/managing-insurance-claims-effortlessly-with-easyclinic/,/features/insurance-claims/,Answers a buyer question or ranks; refresh with author and date,
/making-smarter-decisions-with-easyclinics-analytics-and-reports/,KEEP-buyer,keep,/making-smarter-decisions-with-easyclinics-analytics-and-reports/,/features/reports-and-dashboards/,Answers a buyer question or ranks; refresh with author and date,
/how-easyclinic-integrations-improve-healthcare-delivery/,KEEP-buyer,keep,/how-easyclinic-integrations-improve-healthcare-delivery/,/blog/,Answers a buyer question or ranks; refresh with author and date,
/expiry-and-stock-alerts-safeguarding-patients-and-cutting-waste-in-clinics/,KEEP-buyer,keep,/expiry-and-stock-alerts-safeguarding-patients-and-cutting-waste-in-clinics/,/features/pharmacy-and-inventory/,Answers a buyer question or ranks; refresh with author and date,
/ensuring-financial-integrity-with-advanced-clinic-accounting/,KEEP-buyer,keep,/ensuring-financial-integrity-with-advanced-clinic-accounting/,/features/revenue-management/,Answers a buyer question or ranks; refresh with author and date,
/emr-customisation-with-easyclinic-tailor-workflows-improve-care/,KEEP-buyer,keep,/emr-customisation-with-easyclinic-tailor-workflows-improve-care/,/features/emr/,Answers a buyer question or ranks; refresh with author and date,
/empowering-patients-with-easyclinics-patient-portal-and-mobile-app/,KEEP-buyer,keep,/empowering-patients-with-easyclinics-patient-portal-and-mobile-app/,/features/patient-engagement/,Answers a buyer question or ranks; refresh with author and date,
/effortless-teleconsultations-bridging-the-healthcare-gap-in-rural-africa/,KEEP-buyer,keep,/effortless-teleconsultations-bridging-the-healthcare-gap-in-rural-africa/,/features/telehealth/,Answers a buyer question or ranks; refresh with author and date,
/digital-payment-integration-for-telemedicine-simplifying-remote-consultations/,KEEP-buyer,keep,/digital-payment-integration-for-telemedicine-simplifying-remote-consultations/,/features/telehealth/,Answers a buyer question or ranks; refresh with author and date,
/custom-built-for-african-specialists-why-customisable-emr-is-the-future-of-healthcare-in-africa/,KEEP-buyer,keep,/custom-built-for-african-specialists-why-customisable-emr-is-the-future-of-healthcare-in-africa/,/features/emr/,Answers a buyer question or ranks; refresh with author and date,
/cross-location-analytics-for-clinic-chains-a-complete-overview/,KEEP-buyer,keep,/cross-location-analytics-for-clinic-chains-a-complete-overview/,/features/reports-and-dashboards/,Answers a buyer question or ranks; refresh with author and date,
/consistent-patient-experiences-across-multiple-clinic-sites/,KEEP-buyer,keep,/consistent-patient-experiences-across-multiple-clinic-sites/,/solutions/clinic-chain/,Answers a buyer question or ranks; refresh with author and date,
/one-click-billing-revolutionising-clinic-billing-processes-in-africa/,KEEP-buyer,keep,/one-click-billing-revolutionising-clinic-billing-processes-in-africa/,/features/billing/,Answers a buyer question or ranks; refresh with author and date,
/top-strategies-for-reducing-patient-no-shows/,KEEP-buyer,keep,/top-strategies-for-reducing-patient-no-shows/,/features/appointment-scheduling/,Answers a buyer question or ranks; refresh with author and date,
/the-essential-rcm-guide-mastering-revenue-cycle-management-for-private-clinics/,KEEP-buyer,keep,/the-essential-rcm-guide-mastering-revenue-cycle-management-for-private-clinics/,/features/revenue-management/,Answers a buyer question or ranks; refresh with author and date,
/strengthening-patient-connections-implementing-crm-systems-for-better-relations/,KEEP-buyer,keep,/strengthening-patient-connections-implementing-crm-systems-for-better-relations/,/blog/,Answers a buyer question or ranks; refresh with author and date,
/smarter-stocks-bigger-savings-how-clinic-inventory-management-helps-cut-costs/,KEEP-buyer,keep,/smarter-stocks-bigger-savings-how-clinic-inventory-management-helps-cut-costs/,/features/pharmacy-and-inventory/,Answers a buyer question or ranks; refresh with author and date,
/smarter-scheduling-happier-patients-elevating-healthcare-operations-through-optimized-appointments/,KEEP-buyer,keep,/smarter-scheduling-happier-patients-elevating-healthcare-operations-through-optimized-appointments/,/features/appointment-scheduling/,Answers a buyer question or ranks; refresh with author and date,
/simplifying-clinic-workflows-digitally-streamlining-patient-intake-forms/,KEEP-buyer,keep,/simplifying-clinic-workflows-digitally-streamlining-patient-intake-forms/,/blog/,Answers a buyer question or ranks; refresh with author and date,
/self-service-appointment-booking-empowering-patients-streamlining-clinics/,KEEP-buyer,keep,/self-service-appointment-booking-empowering-patients-streamlining-clinics/,/features/appointment-scheduling/,Answers a buyer question or ranks; refresh with author and date,
/scaling-with-structure-managing-multi-location-clinics-efficiently/,KEEP-buyer,keep,/scaling-with-structure-managing-multi-location-clinics-efficiently/,/solutions/clinic-chain/,Answers a buyer question or ranks; refresh with author and date,
/modern-convenience-how-online-payments-improve-the-patient-experience-in-clinics/,KEEP-buyer,keep,/modern-convenience-how-online-payments-improve-the-patient-experience-in-clinics/,/blog/,Answers a buyer question or ranks; refresh with author and date,
/measuring-what-matters-using-healthcare-kpis-to-track-and-improve-clinic-performance/,KEEP-buyer,keep,/measuring-what-matters-using-healthcare-kpis-to-track-and-improve-clinic-performance/,/features/reports-and-dashboards/,Answers a buyer question or ranks; refresh with author and date,
/leveraging-sms-and-whatsapp-for-patient-engagement/,KEEP-buyer,keep,/leveraging-sms-and-whatsapp-for-patient-engagement/,/features/whatsapp/,Answers a buyer question or ranks; refresh with author and date,
/launch-with-confidence-a-complete-checklist-for-setting-up-a-new-clinic-in-2025/,KEEP-buyer,keep,/launch-with-confidence-a-complete-checklist-for-setting-up-a-new-clinic-in-2025/,/start-a-clinic/,Answers a buyer question or ranks; refresh with author and date,
/future-proofing-your-practice-task-automation-tools-every-clinic-should-consider/,KEEP-buyer,keep,/future-proofing-your-practice-task-automation-tools-every-clinic-should-consider/,/blog/,Answers a buyer question or ranks; refresh with author and date,
/choosing-the-right-practice-management-software-a-clinics-guide-to-streamlined-success/,KEEP-buyer,keep,/choosing-the-right-practice-management-software-a-clinics-guide-to-streamlined-success/,/blog/,Answers a buyer question or ranks; refresh with author and date,
/avoiding-revenue-leaks-top-billing-mistakes-clinics-must-avoid/,KEEP-buyer,keep,/avoiding-revenue-leaks-top-billing-mistakes-clinics-must-avoid/,/features/billing/,Answers a buyer question or ranks; refresh with author and date,
/benefits-of-offering-online-patient-portals/,KEEP-buyer,keep,/benefits-of-offering-online-patient-portals/,/features/patient-engagement/,Answers a buyer question or ranks; refresh with author and date,
/best-healthcare-crm-systems-for-healthcare-providers/,KEEP-buyer,keep,/best-healthcare-crm-systems-for-healthcare-providers/,/blog/,Answers a buyer question or ranks; refresh with author and date,
/healthcare-cybersecurity-protecting-clinics-and-hospitals-in-the-digital-age/,KEEP-buyer,keep,/healthcare-cybersecurity-protecting-clinics-and-hospitals-in-the-digital-age/,/blog/,Answers a buyer question or ranks; refresh with author and date,
/telemedicine-guide-navigating-the-future-of-virtual-care-in-clinical-practice/,KEEP-buyer,keep,/telemedicine-guide-navigating-the-future-of-virtual-care-in-clinical-practice/,/features/telehealth/,Answers a buyer question or ranks; refresh with author and date,
/tax-benefits-for-medical-startups-in-kenya/,KEEP-buyer,keep,/tax-benefits-for-medical-startups-in-kenya/,/emr-software-in-kenya/,Answers a buyer question or ranks; refresh with author and date,
/patient-data-privacy-laws-in-india/,KEEP-buyer,keep,/patient-data-privacy-laws-in-india/,/trust/,"Already a page at this slug (guide, specialty or listicle)",
/data-privacy-laws-in-kenya/,KEEP-buyer,keep,/data-privacy-laws-in-kenya/,/trust/,Answers a buyer question or ranks; refresh with author and date,
/clinic-in-malaysia/,KEEP-buyer,keep,/clinic-in-malaysia/,/blog/,Answers a buyer question or ranks; refresh with author and date,
/telemedicine-in-india-2/,KEEP-buyer,keep,/telemedicine-in-india-2/,/features/telehealth/,Answers a buyer question or ranks; refresh with author and date,
/telemedicine-in-kenya-2025/,KEEP-buyer,keep,/telemedicine-in-kenya-2025/,/features/telehealth/,Answers a buyer question or ranks; refresh with author and date,
/clinic-in-india/,KEEP-buyer,keep,/clinic-in-india/,/clinic-management-software-india/,"Already a page at this slug (guide, specialty or listicle)",
/clinic-in-ethiopia/,KEEP-buyer,keep,/clinic-in-ethiopia/,/blog/,"Already a page at this slug (guide, specialty or listicle)",
/clinic-in-rwanda/,KEEP-buyer,keep,/clinic-in-rwanda/,/blog/,Answers a buyer question or ranks; refresh with author and date,
/clinic-in-uganda/,KEEP-buyer,keep,/clinic-in-uganda/,/blog/,"Already a page at this slug (guide, specialty or listicle)",
/clinic-in-nigeria/,KEEP-buyer,keep,/clinic-in-nigeria/,/hospital-management-software-nigeria/,"Already a page at this slug (guide, specialty or listicle)",
/healthcare-startup-in-kenya/,KEEP-buyer,keep,/healthcare-startup-in-kenya/,/emr-software-in-kenya/,Answers a buyer question or ranks; refresh with author and date,
/nhif-in-kenya/,KEEP-buyer,keep,/nhif-in-kenya/,/features/insurance-claims/,Answers a buyer question or ranks; refresh with author and date,
/new-clinic-in-kenya/,KEEP-buyer,keep,/new-clinic-in-kenya/,/emr-software-in-kenya/,Answers a buyer question or ranks; refresh with author and date,
/open-a-clinic-in-india/,KEEP-buyer,keep,/open-a-clinic-in-india/,/clinic-management-software-india/,Answers a buyer question or ranks; refresh with author and date,
/how-to-get-approval-from-the-medical-practitioners-and-dentists-council-in-india-nmc-dci/,KEEP-buyer,keep,/how-to-get-approval-from-the-medical-practitioners-and-dentists-council-in-india-nmc-dci/,/clinic-management-software-india/,"Already a page at this slug (guide, specialty or listicle)",
/how-do-i-get-approval-from-the-kmpdc-in-kenya/,KEEP-buyer,keep,/how-do-i-get-approval-from-the-kmpdc-in-kenya/,/emr-software-in-kenya/,"Already a page at this slug (guide, specialty or listicle)",
/how-much-does-it-cost-to-open-a-clinic-in-mumbai/,KEEP-buyer,keep,/how-much-does-it-cost-to-open-a-clinic-in-mumbai/,/clinic-management-software-india/,"Already a page at this slug (guide, specialty or listicle)",
/how-do-i-start-a-private-clinic-in-india/,KEEP-buyer,keep,/how-do-i-start-a-private-clinic-in-india/,/clinic-management-software-india/,Answers a buyer question or ranks; refresh with author and date,
/what-are-the-registration-and-licensing-requirements-for-doctors-in-kenya/,KEEP-buyer,keep,/what-are-the-registration-and-licensing-requirements-for-doctors-in-kenya/,/emr-software-in-kenya/,Answers a buyer question or ranks; refresh with author and date,
/how-much-does-it-cost-to-open-a-clinic-in-nairobi/,KEEP-buyer,keep,/how-much-does-it-cost-to-open-a-clinic-in-nairobi/,/emr-software-in-kenya/,"Already a page at this slug (guide, specialty or listicle)",
/what-are-the-best-locations-to-open-a-clinic-in-kenya/,KEEP-buyer,keep,/what-are-the-best-locations-to-open-a-clinic-in-kenya/,/emr-software-in-kenya/,Answers a buyer question or ranks; refresh with author and date,
/the-ultimate-guide-to-starting-a-clinic-in-kenya/,KEEP-buyer,keep,/the-ultimate-guide-to-starting-a-clinic-in-kenya/,/emr-software-in-kenya/,"Already a page at this slug (guide, specialty or listicle)",
/questions-to-ask-your-clinic-emr-software-provider/,KEEP-buyer,keep,/questions-to-ask-your-clinic-emr-software-provider/,/features/emr/,Answers a buyer question or ranks; refresh with author and date,
/features-that-your-telemedicine-software-should-have/,KEEP-buyer,keep,/features-that-your-telemedicine-software-should-have/,/features/telehealth/,Answers a buyer question or ranks; refresh with author and date,
/faqs-on-emr-medical-software/,KEEP-buyer,keep,/faqs-on-emr-medical-software/,/features/emr/,Answers a buyer question or ranks; refresh with author and date,
/why-clinic-management-solution-is-must-for-clinics/,KEEP-buyer,keep,/why-clinic-management-solution-is-must-for-clinics/,/blog/,Answers a buyer question or ranks; refresh with author and date,
/ai-in-ivf/,MERGE-ai-explainer,merge,/ai/,,Near-duplicate AI explainer (spec 3.6: one post per topic),
/ai-driven-inventory-management/,MERGE-ai-explainer,merge,/ai/,,Near-duplicate AI explainer (spec 3.6: one post per topic),
/ai-informed-patients/,MERGE-ai-explainer,merge,/ai/,,Near-duplicate AI explainer (spec 3.6: one post per topic),
/ai-patient-intake/,MERGE-ai-explainer,merge,/ai/,,Near-duplicate AI explainer (spec 3.6: one post per topic),
/predictive-analytics-for-clinics/,MERGE-ai-explainer,merge,/ai/,,Near-duplicate AI explainer (spec 3.6: one post per topic),
/ai-appointment-scheduling/,MERGE-ai-explainer,merge,/ai/,,Near-duplicate AI explainer (spec 3.6: one post per topic),
/ai-receptionist-for-clinics/,MERGE-ai-explainer,merge,/ai/,,Near-duplicate AI explainer (spec 3.6: one post per topic),
/ai-clinical-decision-support/,MERGE-ai-explainer,merge,/ai/,,Near-duplicate AI explainer (spec 3.6: one post per topic),
/ai-in-chronic-disease/,MERGE-ai-explainer,merge,/ai/,,Near-duplicate AI explainer (spec 3.6: one post per topic),
/ai-in-telemedicine/,MERGE-ai-explainer,merge,/ai/,,Near-duplicate AI explainer (spec 3.6: one post per topic),
/ai-for-clinic-growth/,MERGE-ai-explainer,merge,/ai/,,Near-duplicate AI explainer (spec 3.6: one post per topic),
/ai-medical-records/,MERGE-ai-explainer,merge,/ai/,,Near-duplicate AI explainer (spec 3.6: one post per topic),
/ai-medical-billing/,MERGE-ai-explainer,merge,/ai/,,Near-duplicate AI explainer (spec 3.6: one post per topic),
/ai-patient-engagement/,MERGE-ai-explainer,merge,/ai/,,Near-duplicate AI explainer (spec 3.6: one post per topic),
/ai-tools-for-doctors/,MERGE-ai-explainer,merge,/ai/,,Near-duplicate AI explainer (spec 3.6: one post per topic),
/multimodal-ai-in-healthcare/,MERGE-ai-explainer,merge,/ai/,,Near-duplicate AI explainer (spec 3.6: one post per topic),
/ai-in-healthcare-specialities/,MERGE-ai-explainer,merge,/ai/,,Near-duplicate AI explainer (spec 3.6: one post per topic),
/ai-patient-portals/,MERGE-ai-explainer,merge,/ai/,,Near-duplicate AI explainer (spec 3.6: one post per topic),
/ai-medical-imaging/,MERGE-ai-explainer,merge,/ai/,,Near-duplicate AI explainer (spec 3.6: one post per topic),
/ai-medical-scribes/,MERGE-ai-explainer,merge,/ai/,,Near-duplicate AI explainer (spec 3.6: one post per topic),
/ai-virtual-assistants-for-clinics/,MERGE-ai-explainer,merge,/ai/,,Near-duplicate AI explainer (spec 3.6: one post per topic),
/smart-clinics/,MERGE-ai-explainer,merge,/ai/,,Near-duplicate AI explainer (spec 3.6: one post per topic),
/ai-in-radiology/,MERGE-ai-explainer,merge,/ai/,,Near-duplicate AI explainer (spec 3.6: one post per topic),
/ai-prescription-errors/,MERGE-ai-explainer,merge,/ai/,,Near-duplicate AI explainer (spec 3.6: one post per topic),
/smart-emr-for-clinics/,MERGE-ai-explainer,merge,/ai/,,Near-duplicate AI explainer (spec 3.6: one post per topic),
/ai-emr-revenue-growth/,MERGE-ai-explainer,merge,/ai/,,Near-duplicate AI explainer (spec 3.6: one post per topic),
/ai-in-clinics-2026/,MERGE-ai-explainer,merge,/ai/,,Near-duplicate AI explainer (spec 3.6: one post per topic),
/agentic-ai-for-oncology/,MERGE-ai-explainer,merge,/ai/,,Near-duplicate AI explainer (spec 3.6: one post per topic),
/ai-in-paediatric-clinic/,MERGE-ai-explainer,merge,/ai/,,Near-duplicate AI explainer (spec 3.6: one post per topic),
/ai-billing-automation-for-surgery/,MERGE-ai-explainer,merge,/ai/,,Near-duplicate AI explainer (spec 3.6: one post per topic),
/ai-precision-treatment-in-gynaecology/,MERGE-ai-explainer,merge,/ai/,,Near-duplicate AI explainer (spec 3.6: one post per topic),
/ai-chatbots-for-pediatric/,MERGE-ai-explainer,merge,/ai/,,Near-duplicate AI explainer (spec 3.6: one post per topic),
/predictive-analytics-for-dental/,MERGE-ai-explainer,merge,/ai/,,Near-duplicate AI explainer (spec 3.6: one post per topic),
/automated-documentation-for-dermatology/,MERGE-ai-explainer,merge,/ai/,,Near-duplicate AI explainer (spec 3.6: one post per topic),
/automated-workflows-for-cosmetic/,MERGE-ai-explainer,merge,/ai/,,Near-duplicate AI explainer (spec 3.6: one post per topic),
/predictive-analytics-for-nephrology/,MERGE-ai-explainer,merge,/ai/,,Near-duplicate AI explainer (spec 3.6: one post per topic),
/ai-copilots-for-endocrinology/,MERGE-ai-explainer,merge,/ai/,,Near-duplicate AI explainer (spec 3.6: one post per topic),
/ai-remote-monitoring-for-ivf/,MERGE-ai-explainer,merge,/ai/,,Near-duplicate AI explainer (spec 3.6: one post per topic),
/ai-chatbots-for-ophthalmology/,MERGE-ai-explainer,merge,/ai/,,Near-duplicate AI explainer (spec 3.6: one post per topic),
/ai-driven-dental-automation/,MERGE-ai-explainer,merge,/dental-emr-software/,,Near-duplicate AI explainer (spec 3.6: one post per topic),
/generative-ai-for-gynaecology/,MERGE-ai-explainer,merge,/ai/,,Near-duplicate AI explainer (spec 3.6: one post per topic),
/ai-diagnostics-radiology-2026/,MERGE-ai-explainer,merge,/ai/,,Near-duplicate AI explainer (spec 3.6: one post per topic),
/ai-for-urology-clinics/,MERGE-ai-explainer,merge,/ai/,,Near-duplicate AI explainer (spec 3.6: one post per topic),
/ai-automation-in-radiology/,MERGE-ai-explainer,merge,/ai/,,Near-duplicate AI explainer (spec 3.6: one post per topic),
/ai-software-for-pulmonology-clinics/,MERGE-ai-explainer,merge,/ai/,,Near-duplicate AI explainer (spec 3.6: one post per topic),
/ai-tools-for-neurology-clinics/,MERGE-ai-explainer,merge,/ai/,,Near-duplicate AI explainer (spec 3.6: one post per topic),
/ai-tools-for-nephrology-clinics/,MERGE-ai-explainer,merge,/ai/,,Near-duplicate AI explainer (spec 3.6: one post per topic),
/ai-tools-for-gynaecology-and-fertility-clinics/,MERGE-ai-explainer,merge,/ai/,,Near-duplicate AI explainer (spec 3.6: one post per topic),
/ai-software-for-urology-clinics/,MERGE-ai-explainer,merge,/ai/,,Near-duplicate AI explainer (spec 3.6: one post per topic),
/ai-software-for-pediatric-clinics/,MERGE-ai-explainer,merge,/pediatric-emr/,,Near-duplicate AI explainer (spec 3.6: one post per topic),
/ai-software-for-dental-clinics/,MERGE-ai-explainer,merge,/dental-emr-software/,,Near-duplicate AI explainer (spec 3.6: one post per topic),
/ai-software-for-ent-clinics/,MERGE-ai-explainer,merge,/ent-emr-software/,,Near-duplicate AI explainer (spec 3.6: one post per topic),
/ai-software-for-ophthalmology-clinics/,MERGE-ai-explainer,merge,/ophthalmology-emr/,,Near-duplicate AI explainer (spec 3.6: one post per topic),
/ai-software-for-orthopaedic-clinics/,MERGE-ai-explainer,merge,/orthopedic-emr/,,Near-duplicate AI explainer (spec 3.6: one post per topic),
/ai-software-for-aesthetic-clinics/,MERGE-ai-explainer,merge,/dermatology-emr-software/,,Near-duplicate AI explainer (spec 3.6: one post per topic),
/ai-tools-in-pathology/,MERGE-ai-explainer,merge,/ai/,,Near-duplicate AI explainer (spec 3.6: one post per topic),
/ai-tools-for-diabetology-clinics/,MERGE-ai-explainer,merge,/ai/,,Near-duplicate AI explainer (spec 3.6: one post per topic),
/advanced-ai-tools-for-cardiology-clinics/,MERGE-ai-explainer,merge,/ai/,,Near-duplicate AI explainer (spec 3.6: one post per topic),
/ai-software-for-dermatology-clinics/,MERGE-ai-explainer,merge,/dermatology-emr-software/,,Near-duplicate AI explainer (spec 3.6: one post per topic),
/ai-emr-software-for-radiology-clinics/,MERGE-ai-explainer,merge,/ai/,,Near-duplicate AI explainer (spec 3.6: one post per topic),
/predictive-orthodontics-in-india/,MERGE-ai-explainer,merge,/ai/,,Near-duplicate AI explainer (spec 3.6: one post per topic),
/ai-in-orthodontics/,MERGE-ai-explainer,merge,/ai/,,Near-duplicate AI explainer (spec 3.6: one post per topic),
/ai-in-healthcare/,MERGE-ai-explainer,merge,/ai/,,Near-duplicate AI explainer (spec 3.6: one post per topic),
/ai-in-cardiology-clinics/,MERGE-ai-explainer,merge,/ai/,,Near-duplicate AI explainer (spec 3.6: one post per topic),
/ai-in-echocardiography/,MERGE-ai-explainer,merge,/ai/,,Near-duplicate AI explainer (spec 3.6: one post per topic),
/ai-driven-predictive-analytics-for-chronic-disease-management-in-india/,MERGE-ai-explainer,merge,/ai/,,Near-duplicate AI explainer (spec 3.6: one post per topic),
/ai-in-maternal-health-reducing-maternal-mortality-rates-in-uganda/,MERGE-ai-explainer,merge,/ai/,,Near-duplicate AI explainer (spec 3.6: one post per topic),
/ai-for-malaria-and-infectious-disease-management-empowering-nigerian-healthcare-providers/,MERGE-ai-explainer,merge,/ai/,,Near-duplicate AI explainer (spec 3.6: one post per topic),
/leveraging-ai-for-efficient-clinic-operations-in-africa/,MERGE-ai-explainer,merge,/ai/,,Near-duplicate AI explainer (spec 3.6: one post per topic),
/ai-powered-scheduling-transforming-clinic-efficiency-and-reducing-wait-times/,MERGE-ai-explainer,merge,/ai/,,Near-duplicate AI explainer (spec 3.6: one post per topic),
/ai-driven-diagnostic-support-transforming-patient-outcomes/,MERGE-ai-explainer,merge,/ai/,,Near-duplicate AI explainer (spec 3.6: one post per topic),
/reimagining-care-how-ai-recommendations-are-enhancing-patient-engagement/,MERGE-ai-explainer,merge,/ai/,,Near-duplicate AI explainer (spec 3.6: one post per topic),
/chatbots-for-patient-pre-screening-benefits-and-challenges/,MERGE-ai-explainer,merge,/ai/,,Near-duplicate AI explainer (spec 3.6: one post per topic),
/ai-in-imaging-diagnostics-transforming-accuracy-and-speed-in-patient-care/,MERGE-ai-explainer,merge,/ai/,,Near-duplicate AI explainer (spec 3.6: one post per topic),
/ai-personalized-healthcare-delivering-tailored-treatment-plans-for-every-patient/,MERGE-ai-explainer,merge,/ai/,,Near-duplicate AI explainer (spec 3.6: one post per topic),
/intelligent-triage-begins-here-how-ai-healthcare-chatbots-are-transforming-clinics/,MERGE-ai-explainer,merge,/ai/,,Near-duplicate AI explainer (spec 3.6: one post per topic),
/how-predictive-healthcare-analytics-is-improving-outcomes-and-empowering-clinics/,MERGE-ai-explainer,merge,/ai/,,Near-duplicate AI explainer (spec 3.6: one post per topic),
/virtual-assistant-for-doctors-a-game-changer-in-clinical-efficiency/,MERGE-ai-explainer,merge,/ai/,,Near-duplicate AI explainer (spec 3.6: one post per topic),
/hospital-automation-redefining-innovation-and-efficiency-in-modern-healthcare/,MERGE-ai-explainer,merge,/ai/,,Near-duplicate AI explainer (spec 3.6: one post per topic),
/voice-recognition-tools-reshaping-emr-documentation-in-clinics/,MERGE-ai-explainer,merge,/ai/,,Near-duplicate AI explainer (spec 3.6: one post per topic),
/how-ai-smart-clinics-are-redefining-the-modern-patient-experience/,MERGE-ai-explainer,merge,/ai/,,Near-duplicate AI explainer (spec 3.6: one post per topic),
/smarter-practice-with-ai-emr-transforming-clinic-efficiency-and-patient-care/,MERGE-ai-explainer,merge,/ai/,,Near-duplicate AI explainer (spec 3.6: one post per topic),
/ai-in-health-care-diagnosis/,MERGE-ai-explainer,merge,/ai/,,Near-duplicate AI explainer (spec 3.6: one post per topic),
/ai-cancer-detection/,MERGE-ai-explainer,merge,/ai/,,Near-duplicate AI explainer (spec 3.6: one post per topic),
/ai-in-follow-up-automation-improving-patient-adherence/,MERGE-ai-explainer,merge,/ai/,,Near-duplicate AI explainer (spec 3.6: one post per topic),
/ai-in-dermatology-emr-simplifying-skin-care-records/,MERGE-ai-explainer,merge,/dermatology-emr-software/,,Near-duplicate AI explainer (spec 3.6: one post per topic),
/ai-in-psychiatric-emr-supporting-mental-wellness/,MERGE-ai-explainer,merge,/mental-health/,,Near-duplicate AI explainer (spec 3.6: one post per topic),
/ai-in-clinic-data-security-protecting-patient-privacy/,MERGE-ai-explainer,merge,/ai/,,Near-duplicate AI explainer (spec 3.6: one post per topic),
/ai-in-paperless-clinics-cutting-administrative-clutter/,MERGE-ai-explainer,merge,/ai/,,Near-duplicate AI explainer (spec 3.6: one post per topic),
/ai-in-cardiology-emr-precision-heart-care/,MERGE-ai-explainer,merge,/cardiology-emr/,,Near-duplicate AI explainer (spec 3.6: one post per topic),
/ai-in-clinic-staff-coordination-optimizing-teamwork/,MERGE-ai-explainer,merge,/ai/,,Near-duplicate AI explainer (spec 3.6: one post per topic),
/ai-in-multi-location-clinics-streamlining-operations-across-branches/,MERGE-ai-explainer,merge,/ai/,,Near-duplicate AI explainer (spec 3.6: one post per topic),
/ai-in-orthopedic-emr-enhancing-bone-health-care/,MERGE-ai-explainer,merge,/orthopedic-emr/,,Near-duplicate AI explainer (spec 3.6: one post per topic),
/ai-in-surgical-emr-streamlining-operative-care/,MERGE-ai-explainer,merge,/ai/,,Near-duplicate AI explainer (spec 3.6: one post per topic),
/ai-in-preventive-care-analytics-predicting-health-risks/,MERGE-ai-explainer,merge,/ai/,,Near-duplicate AI explainer (spec 3.6: one post per topic),
/ai-in-referral-management-enhancing-care-coordination-for-better-patient-outcomes/,MERGE-ai-explainer,merge,/ai/,,Near-duplicate AI explainer (spec 3.6: one post per topic),
/ai-in-pediatric-emr-tracking-child-health-made-easy/,MERGE-ai-explainer,merge,/pediatric-emr/,,Near-duplicate AI explainer (spec 3.6: one post per topic),
/how-ai-in-clinic-inventory-management-boosts-efficiency/,MERGE-ai-explainer,merge,/ai/,,Near-duplicate AI explainer (spec 3.6: one post per topic),
/ai-in-patient-triage-speeding-up-emergency-care/,MERGE-ai-explainer,merge,/ai/,,Near-duplicate AI explainer (spec 3.6: one post per topic),
/ai-in-chronic-care-managing-long-term-conditions/,MERGE-ai-explainer,merge,/ai/,,Near-duplicate AI explainer (spec 3.6: one post per topic),
/ai-in-gynecology-emr-empowering-womens-health/,MERGE-ai-explainer,merge,/obgyn-emr-software/,,Near-duplicate AI explainer (spec 3.6: one post per topic),
/ai-in-diagnostic-accuracy-reducing-clinical-errors/,MERGE-ai-explainer,merge,/ai/,,Near-duplicate AI explainer (spec 3.6: one post per topic),
/ai-in-multilingual-prescriptions-bridging-language-gaps/,MERGE-ai-explainer,merge,/ai/,,Near-duplicate AI explainer (spec 3.6: one post per topic),
/ai-in-radiology-workflows-enhancing-imaging-efficiency/,MERGE-ai-explainer,merge,/ai/,,Near-duplicate AI explainer (spec 3.6: one post per topic),
/ai-for-dental-clinic-management-revolutionizing-patient-care-with-easy-clinic/,MERGE-ai-explainer,merge,/dental-emr-software/,,Near-duplicate AI explainer (spec 3.6: one post per topic),
/ai-for-diabetologists-the-future-of-diabetes-care-with-advanced-technology/,MERGE-ai-explainer,merge,/ai/,,Near-duplicate AI explainer (spec 3.6: one post per topic),
/how-ai-contributes-to-minimizing-medical-billing-errors/,MERGE-ai-explainer,merge,/ai/,,Near-duplicate AI explainer (spec 3.6: one post per topic),
/how-ai-powered-emr-software-is-transforming-clinic-management/,MERGE-ai-explainer,merge,/ai/,,Near-duplicate AI explainer (spec 3.6: one post per topic),
/how-ai-for-doctors-is-transforming-clinical-practice/,MERGE-ai-explainer,merge,/ai/,,Near-duplicate AI explainer (spec 3.6: one post per topic),
/ai-enabled-telemedicine-solutions-the-future-of-digital-healthcare/,MERGE-ai-explainer,merge,/ai/,,Near-duplicate AI explainer (spec 3.6: one post per topic),
/ai-in-health-data-analytics-smarter-insights-for-clinics/,MERGE-ai-explainer,merge,/ai/,,Near-duplicate AI explainer (spec 3.6: one post per topic),
/easy-clinic-patient-engagement-with-ai-smart-healthcare-solutions/,MERGE-ai-explainer,merge,/ai/,,Near-duplicate AI explainer (spec 3.6: one post per topic),
/ai-powered-medical-billing-software-transforming-healthcare-finance/,MERGE-ai-explainer,merge,/ai/,,Near-duplicate AI explainer (spec 3.6: one post per topic),
/robotic-rehabilitation/,DROP-frontier,drop,410,,Frontier-technology post with no buyer intent (spec 3.6),
/point-of-care-diagnostics/,DROP-frontier,drop,410,,Frontier-technology post with no buyer intent (spec 3.6),
/humanoid-robots/,DROP-frontier,drop,410,,Frontier-technology post with no buyer intent (spec 3.6),
/robotic-surgery-in-healthcare/,DROP-frontier,drop,410,,Frontier-technology post with no buyer intent (spec 3.6),
/ai-and-robotics-in-healthcare/,DROP-frontier,drop,410,,Frontier-technology post with no buyer intent (spec 3.6),
/autonomous-healthcare-robots/,DROP-frontier,drop,410,,Frontier-technology post with no buyer intent (spec 3.6),
/robotic-telemedicine/,DROP-frontier,drop,410,,Frontier-technology post with no buyer intent (spec 3.6),
/robotic-surgery-for-clinics/,DROP-frontier,drop,410,,Frontier-technology post with no buyer intent (spec 3.6),
/surgical-robotics-for-endocrinology/,DROP-frontier,drop,410,,Frontier-technology post with no buyer intent (spec 3.6),
/virtual-hospitals-for-cancer-clinics/,DROP-frontier,drop,410,,Frontier-technology post with no buyer intent (spec 3.6),
/ar-glasses-for-ivf-clinics/,DROP-frontier,drop,410,,Frontier-technology post with no buyer intent (spec 3.6),
/vr-data-visualisation-for-orthopaedics/,DROP-frontier,drop,410,,Frontier-technology post with no buyer intent (spec 3.6),
/augmented-healthcare-for-surgery/,DROP-frontier,drop,410,,Frontier-technology post with no buyer intent (spec 3.6),
/ai-assisted-surgery-for-diabetes/,DROP-frontier,drop,410,,Frontier-technology post with no buyer intent (spec 3.6),
/robotics-in-ent-clinics/,DROP-frontier,drop,410,,Frontier-technology post with no buyer intent (spec 3.6),
/ai-robotics-software-for-gynaecology/,DROP-frontier,drop,410,,Frontier-technology post with no buyer intent (spec 3.6),
/robotics-in-orthopaedics-clinics/,DROP-frontier,drop,410,,Frontier-technology post with no buyer intent (spec 3.6),
/robotics-in-urology-clinics/,DROP-frontier,drop,410,,Frontier-technology post with no buyer intent (spec 3.6),
/dental-robotics-in-india/,DROP-frontier,drop,410,,Frontier-technology post with no buyer intent (spec 3.6),
/robotics-in-dermatology-clinics/,DROP-frontier,drop,410,,Frontier-technology post with no buyer intent (spec 3.6),
/future-of-robotic-surgery-in-india/,DROP-frontier,drop,410,,Frontier-technology post with no buyer intent (spec 3.6),
/robotic-radiology-equipment-in-india/,DROP-frontier,drop,410,,Frontier-technology post with no buyer intent (spec 3.6),
/ai-in-eye-surgery/,DROP-frontier,drop,410,,Frontier-technology post with no buyer intent (spec 3.6),
/ai-vs-traditional-eye-surgery/,DROP-frontier,drop,410,,Frontier-technology post with no buyer intent (spec 3.6),
/future-of-eye-surgery-in-india/,DROP-frontier,drop,410,,Frontier-technology post with no buyer intent (spec 3.6),
/wearables-in-diagnostics-how-predictive-monitoring-is-reshaping-healthcareembracing-the-power-of-health-wearables-for-predictive-care-as-healthcare-evolves-toward-proactive-and-patient-centered-care/,DROP-frontier,drop,410,,Frontier-technology post with no buyer intent (spec 3.6),
/vr-medical-training-the-future-of-immersive-medical-education/,DROP-frontier,drop,410,,Frontier-technology post with no buyer intent (spec 3.6),
/wearable-devices-and-remote-health-monitoring-empowering-clinics-and-patients/,DROP-frontier,drop,410,,Frontier-technology post with no buyer intent (spec 3.6),
/why-blockchain-healthcare-technology-is-reshaping-medical-data-security/,DROP-frontier,drop,410,,Frontier-technology post with no buyer intent (spec 3.6),
/advancing-surgical-precision-how-ar-surgery-is-shaping-healthcare-innovation/,DROP-frontier,drop,410,,Frontier-technology post with no buyer intent (spec 3.6),
/iot-healthcare-powering-the-connected-care-revolution/,DROP-frontier,drop,410,,Frontier-technology post with no buyer intent (spec 3.6),
/5g-telehealth-transforming-virtual-care-with-speed-and-accessibility/,DROP-frontier,drop,410,,Frontier-technology post with no buyer intent (spec 3.6),
/wearable-technology-in-predictive-diagnostics-transforming-health-monitoring/,DROP-frontier,drop,410,,Frontier-technology post with no buyer intent (spec 3.6),
/understanding-epigenetics-and-its-medical-potential-a-new-frontier-in-healthcare/,DROP-frontier,drop,410,,Frontier-technology post with no buyer intent (spec 3.6),
/the-role-of-immunotherapy-in-transforming-modern-medicine/,DROP-frontier,drop,410,,Frontier-technology post with no buyer intent (spec 3.6),
/3d-printing-medicine-in-action-advancing-personalized-healthcare-solutions/,DROP-frontier,drop,410,,Frontier-technology post with no buyer intent (spec 3.6),
/the-future-of-regenerative-medicine-shaping-tomorrows-healthcare/,DROP-frontier,drop,410,,Frontier-technology post with no buyer intent (spec 3.6),
/telepathology-remote-diagnosis-trends-shaping-the-future-of-healthcare/,DROP-frontier,drop,410,,Frontier-technology post with no buyer intent (spec 3.6),
/gene-therapy-pioneering-the-future-of-personalized-medicine/,DROP-frontier,drop,410,,Frontier-technology post with no buyer intent (spec 3.6),
/crispr-technology-transforming-gene-editing-healthcare/,DROP-frontier,drop,410,,Frontier-technology post with no buyer intent (spec 3.6),
/ai-clinical-trials-transforming-the-future-of-medical-research/,DROP-frontier,drop,410,,Frontier-technology post with no buyer intent (spec 3.6),
/stem-cell-therapy-innovations-advancing-the-future-of-regenerative-medicine/,DROP-frontier,drop,410,,Frontier-technology post with no buyer intent (spec 3.6),
/robotics-in-surgery-advancing-safer-and-faster-operations/,DROP-frontier,drop,410,,Frontier-technology post with no buyer intent (spec 3.6),
/nanomedicine-tiny-innovations-in-nano-healthcare-technologies/,DROP-frontier,drop,410,,Frontier-technology post with no buyer intent (spec 3.6),
/mrna-technology-paving-the-future-of-healthcare-biotechnology/,DROP-frontier,drop,410,,Frontier-technology post with no buyer intent (spec 3.6),
/revolutionary-medical-advancements/,DROP-frontier,drop,410,,Frontier-technology post with no buyer intent (spec 3.6),
/microbiome-health-research/,DROP-frontier,drop,410,,Frontier-technology post with no buyer intent (spec 3.6),
/ai-drug-discovery/,DROP-frontier,drop,410,,Frontier-technology post with no buyer intent (spec 3.6),
/diabetic-retinopathy-screening/,UNSURE,drop,410,,"Proposed from content review 2026-09-26; no Search Console data: Explainer on AI retinal-screening technology for diabetes care, a frontier-technology post (spec 3.6) with no buyer question about clinic software.",
/language-barriers/,UNSURE,merge,/features/whatsapp/,,"Proposed from content review 2026-09-26; no Search Console data: This is an AI-translation explainer, and once the unconfirmed regional-language claims are cut, all that remains is 'send messages in the patient's language', a point the WhatsApp page already makes about templates in each language.",
/staff-scheduling/,UNSURE,merge,/features/reports-and-dashboards/,,"Proposed from content review 2026-09-26; no Search Console data: The post rests on an AI demand-forecast rostering feature that no confirmed fact supports, and the only staff features we can confirm are the staff productivity reports and the appointment dashboard.",
/physician-burnout/,UNSURE,merge,/ai/,,"Proposed from content review 2026-09-26; no Search Console data: This is a near-duplicate AI medical scribe explainer framed as burnout, and the published /ai/ page owns the 'AI medical scribe' query.",
/online-reputation-management/,UNSURE,merge,/google-reviews-for-clinics/,,"Proposed from content review 2026-09-26; no Search Console data: This is a near-duplicate of /google-reviews-for-clinics/ (same 'reviews decide the near-me search' question), with more unsourced statistics and product claims we cannot confirm.",
/medication-management/,UNSURE,merge,/features/emr/,,"Proposed from content review 2026-09-26; no Search Console data: This is an AI prescribing-safety explainer, and its one confirmed substance (e-prescriptions with drug-interaction checks on one record) is owned by /features/emr/.",
/preventive-healthcare/,UNSURE,merge,/features/patient-engagement/,,"Proposed from content review 2026-09-26; no Search Console data: With the AI risk-flagging claim cut, what is left is recalling at-risk patients for screening, which /features/patient-engagement/ owns through recall campaigns by condition.",
/remote-patient-monitoring-system/,UNSURE,drop,410,,"Proposed from content review 2026-09-26; no Search Console data: Explainer on wearables and AI remote monitoring, a frontier-technology post for a product category EasyClinic does not offer.",
/ophthalmology-clinic-technology/,UNSURE,merge,/ophthalmology-emr/,,"Proposed from content review 2026-09-26; no Search Console data: This is mostly an eye-equipment investment list, and its one clinic-software point (an eye EMR holding OCT, fundus and follow-up records) is owned by /ophthalmology-emr/.",
/dental-clinic-equipment-list/,UNSURE,drop,410,,Proposed from content review 2026-09-26; no Search Console data: An equipment shopping list with no clinic-software buyer intent (spec 3.6).,
/health-camps-lead-generation/,UNSURE,keep,/health-camps-lead-generation/,/features/patient-engagement/,"Proposed from content review 2026-09-26; no Search Console data: It answers a real Indian clinic-owner question (how to turn health-camp attendees into booked patients) with a usable process, and no existing page covers it.",
/digital-presence-for-clinics/,UNSURE,merge,/google-reviews-for-clinics/,,"Proposed from content review 2026-09-26; no Search Console data: It is a thin, generic version of the same 'patient searches near me and judges the listing' question that /google-reviews-for-clinics/ answers.",
/clinic-growth-without-discounts/,UNSURE,merge,/clinic-marketing-strategy/,,"Proposed from content review 2026-09-26; no Search Console data: Once the invented story is cut, it offers no pricing guidance, only the 'compete on trust and experience, not offers' growth argument that /clinic-marketing-strategy/ (kept in this list as the one marketing post) already opens with, so it belongs in the marketing query cluster (spec 4.5) rather than in the reviews post.",
/doctor-personal-branding/,UNSURE,keep,/doctor-personal-branding/,/features/appointment-scheduling/,"Proposed from content review 2026-09-26; no Search Console data: It answers a real question doctors ask about marketing their clinic ('should I post Reels and Shorts?') with usable content ideas, and no existing page covers it, but the rewrite must add the professional-conduct rules on self-advertisement.",
/google-reviews-for-clinics/,UNSURE,keep,/google-reviews-for-clinics/,/features/whatsapp/,"Proposed from content review 2026-09-26; no Search Console data: It answers a real clinic-marketing question (how Google reviews win or lose patients and how to improve them) with practical, largely number-free advice, and no existing page covers it.",
/100-meter-clinic-marketing/,UNSURE,merge,/clinic-marketing-strategy/,,"Proposed from content review 2026-09-26; no Search Console data: The '100-meter rule' is a made-up label for generic local clinic marketing (reduce friction, answer calls, book follow-ups at checkout), which is the same 'marketing is how the clinic runs' argument as /clinic-marketing-strategy/, kept in this list as the one marketing post (spec 4.5). The post itself says its approach is 'not a Google listing tweak', so the reviews post is the weaker home.",
/clinic-branding/,UNSURE,merge,/clinic-marketing-strategy/,,"Proposed from content review 2026-09-26; no Search Console data: This makes the same argument as /clinic-marketing-strategy/ (a clinic's brand is how consistently it runs, not its marketing), so the two compete for one query cluster (spec 4.5).",
/patient-stories-marketing/,UNSURE,merge,/clinic-marketing-strategy/,,"Proposed from content review 2026-09-26; no Search Console data: A third copy of the same marketing template that is thin once the filler goes. Its one useful point, consent-led anonymised patient stories, fits as a section of the marketing post.",
/clinic-marketing-strategy/,UNSURE,keep,/clinic-marketing-strategy/,/features/patient-engagement/,"Proposed from content review 2026-09-26; no Search Console data: 'Clinic marketing strategy' is a real clinic-owner question and no existing page targets it, so this becomes the one marketing post, and five marketing-cluster posts in this list redirect into it (/clinic-branding/, /patient-stories-marketing/, /100-meter-clinic-marketing/, /clinic-growth-without-discounts/, /top-strategies-to-boost-patient-acquisition-in-2024/). Needs a rewrite that adds actual marketing substance, because today it only covers patient experience.",
/data-centric-pathology-clinics/,UNSURE,merge,/features/lab/,,"Proposed from content review 2026-09-26; no Search Console data: Mostly frontier-tech hype (robotics, AR/VR, AI copilots). Its only buyer content, pathology-lab operations, is already covered by /features/lab/, which is also where the held /pathology-clinic-management-software/ post is merging.",
/ai-gynaecology-equipment-in-india/,UNSURE,drop,410,,"Proposed from content review 2026-09-26; no Search Console data: Frontier-technology equipment roundup (AI ultrasound, robotic surgery systems) with no buyer intent for clinic software (spec 3.6).",
/ai-radiology-equipment-suppliers-in-india/,UNSURE,drop,410,,Proposed from content review 2026-09-26; no Search Console data: Equipment supplier directory with no clinic-software angle (spec 3.6).,
/ge-vs-siemens-ai-radiology/,UNSURE,drop,410,,Proposed from content review 2026-09-26; no Search Console data: Brand-versus-brand imaging-hardware comparison (GE vs Siemens) with no buyer intent for clinic software (spec 3.6).,
/ai-radiology-equipment-in-india/,UNSURE,drop,410,,"Proposed from content review 2026-09-26; no Search Console data: Imaging-equipment price and brand list, near-duplicating the two other radiology equipment posts, with no clinic-software angle (spec 3.6).",
/best-dental-equipment-in-india/,UNSURE,drop,410,,"Proposed from content review 2026-09-26; no Search Console data: Equipment shopping list (chairs, autoclaves, RVG, CAD/CAM prices) with no clinic-software angle (spec 3.6). Dental software intent is owned by /dental-emr-software/.",
/dental-implants-future-in-india/,UNSURE,drop,410,,"Proposed from content review 2026-09-26; no Search Console data: Frontier-technology post (robotic implant surgery, digital scans) with an equipment price list and no buyer intent for clinic software (spec 3.6).",
/digital-dentistry-in-india/,UNSURE,drop,410,,"Proposed from content review 2026-09-26; no Search Console data: Dental-technology equipment roundup (CAD/CAM, 3D printing, AI smile design) with no clinic-software buyer intent (spec 3.6).",
/latest-lasik-technology-india/,UNSURE,drop,410,,"Proposed from content review 2026-09-26; no Search Console data: Laser-platform comparison and price list for eye surgeons, with no clinic-software buyer intent (spec 3.6). Ophthalmology software is owned by /ophthalmology-emr/.",
/advanced-eye-surgery-machines-in-india/,UNSURE,drop,410,,"Proposed from content review 2026-09-26; no Search Console data: Surgical-equipment shopping list (femtosecond, phaco and excimer systems) with no clinic-software angle (spec 3.6).",
/bpl-cardiart-9108d-vs-mindray-m7/,UNSURE,drop,410,,Proposed from content review 2026-09-26; no Search Console data: Brand-versus-brand medical-device comparison with no clinic-software buyer intent (spec 3.6).,
/remote-cardiac-monitoring/,UNSURE,drop,410,,Proposed from content review 2026-09-26; no Search Console data: Wearable-device brand and price roundup with medical inaccuracies and no clinic-software buyer intent (spec 3.6).,
/cardiology-equipment-in-india/,UNSURE,drop,410,,Proposed from content review 2026-09-26; no Search Console data: 'Where to buy' supplier directory and ECG price list with no clinic-software angle (spec 3.6).,
/why-doctors-should-care-about-patient-journey-mapping/,UNSURE,merge,/features/patient-engagement/,,"Proposed from content review 2026-09-26; no Search Console data: Too thin to stand alone: it defines a patient journey without showing how to map one, and its stages (booking, reminders, follow-up, feedback) are the onboard, remind, follow-up, ask and reward loops that /features/patient-engagement/ already covers.",
/using-surveys-to-improve-patient-satisfaction/,UNSURE,merge,/features/patient-engagement/,,"Proposed from content review 2026-09-26; no Search Console data: The post-visit feedback survey is already the 'Ask' loop on /features/patient-engagement/, and once the unsourced claims are cut this post adds only a short list of survey-design tips.",
/understanding-the-psychology-behind-patient-compliance-and-how-to-improve-it/,UNSURE,merge,/features/patient-engagement/,,"Proposed from content review 2026-09-26; no Search Console data: Generic adherence explainer that duplicates /whatsapp-follow-up-automation/ (where the held /whatsapp-patient-compliance-tracking/ is merging) and the gamification post from the same batch; its practical advice (reminders, refill alerts, follow-up calls) is the remind and follow-up loops on the published engagement page.",
/top-10-ways-to-improve-patient-retention/,UNSURE,merge,/features/patient-engagement/,,"Proposed from content review 2026-09-26; no Search Console data: /features/patient-engagement/ is built around patient retention ('Patient retention slips between visits') and already covers every item on this list, so under spec 4.5 the post competes with it for the same query.",
/strategic-efficiency-should-your-clinic-outsource-non-core-tasks/,UNSURE,keep,/strategic-efficiency-should-your-clinic-outsource-non-core-tasks/,/features/revenue-management/,"Proposed from content review 2026-09-26; no Search Console data: It answers a real operations decision for clinic owners (what to outsource and what to keep in-house) that no published page or kept post owns, and the decision framework is still useful once the invented case and cost figures are cut.",
/role-of-empathy-in-patient-care/,UNSURE,merge,/effective-patient-communication-techniques/,,"Proposed from content review 2026-09-26; no Search Console data: Bedside-manner advice that is a near-duplicate of /effective-patient-communication-techniques/, which this list keeps. Both come from the same 12 May 2025 batch, and this post's first section is 'Empathy as the Foundation of Patient Communication'. Under spec 4.5 it should redirect to that post instead of returning 410, although on its own it still answers no software-buying question.",
/revolutionizing-care-delivery-remote-patient-monitoring-for-clinics/,UNSURE,drop,410,,"Proposed from content review 2026-09-26; no Search Console data: This is a device-focused wearables and IoT explainer, the kind the manifest already marks DROP-frontier (e.g. /wearable-devices-and-remote-health-monitoring-empowering-clinics-and-patients/); no published page covers remote monitoring, so it has nowhere to redirect.",
/mastering-efficiency-7-essential-tips-for-streamlined-clinic-management/,UNSURE,merge,/solutions/solo-clinic/,,"Proposed from content review 2026-09-26; no Search Console data: Seven generic tips, each already owned by a feature page. It is a near-duplicate of /empowering-excellence-building-a-culture-of-efficiency-in-your-clinic/ and of /future-proofing-your-practice-task-automation-tools-every-clinic-should-consider/ (held, merging into /clinic-workflow-automation/). Once the invented case study goes, too little is left to justify its own post.",
/maintaining-trust-how-to-handle-negative-reviews-in-healthcare-professionally/,UNSURE,keep,/maintaining-trust-how-to-handle-negative-reviews-in-healthcare-professionally/,/features/patient-engagement/,"Proposed from content review 2026-09-26; no Search Console data: It answers a specific clinic-owner question (how to reply to a bad online review without breaking patient confidentiality) with steps and reply templates that are still useful after the cuts; no published page covers this, and /google-reviews-for-clinics/ touches it in only one FAQ.",
/enhance-clinic-outcomes-improving-patient-engagement-with-digital-tools/,UNSURE,merge,/features/patient-engagement/,,"Proposed from content review 2026-09-26; no Search Console data: Near-duplicate of the 'patient engagement software' query that /features/patient-engagement/ owns (the old /patient-engagement-software/ post is held and merging into that page too), with nothing specific enough to keep.",
/importance-of-timely-follow-ups-in-patient-satisfaction/,UNSURE,merge,/features/patient-engagement/,,"Proposed from content review 2026-09-26; no Search Console data: Generic follow-up advice that duplicates the 'Follow up' loop and condition-based recall campaigns on /features/patient-engagement/, and the kept /whatsapp-follow-up-automation/ covers the same ground more concretely.",
/how-personalized-care-enhances-patient-experience/,UNSURE,merge,/features/patient-engagement/,,"Proposed from content review 2026-09-26; no Search Console data: Its practical points (tailored reminders, birthday messages, loyalty perks, feedback) duplicate /features/patient-engagement/ and the kept /personalised-whatsapp-messages/, and the rest is too vague to keep.",
/gamification-in-action-engaging-patients-for-better-compliance/,UNSURE,merge,/features/patient-engagement/,,"Proposed from content review 2026-09-26; no Search Console data: The only confirmed version of this idea is the 'Reward' loop on /features/patient-engagement/ (loyalty points for regular visits and keeping to a treatment plan), and the rest of the post rests on product claims that are not confirmed.",
/fostering-doctor-patient-trust-through-digital-healthcare-communication/,UNSURE,merge,/features/patient-engagement/,,"Proposed from content review 2026-09-26; no Search Console data: Thin, generic post whose points (portal and secure messaging, feedback, data protection) are already covered by /features/patient-engagement/, including its consent and opt-out section by country. They also overlap /strengthening-patient-clinic-relationships-through-automated-communication/, which is held and merging into the same page.",
/empowering-your-team-the-importance-of-staff-training-and-development-in-clinics/,UNSURE,keep,/empowering-your-team-the-importance-of-staff-training-and-development-in-clinics/,/switch/,"Proposed from content review 2026-09-26; no Search Console data: It answers a real operations question (how to plan staff training in a clinic), no published page or kept post owns it, and the training framework is still useful once the invented case study is cut.",
/empowering-excellence-building-a-culture-of-efficiency-in-your-clinic/,UNSURE,merge,/features/reports-and-dashboards/,,"Proposed from content review 2026-09-26; no Search Console data: Near-duplicate of the 7-tips efficiency post from the same batch; once the invented case study is cut, its one concrete idea is tracking efficiency numbers, which /features/reports-and-dashboards/ and the kept /measuring-what-matters-using-healthcare-kpis-to-track-and-improve-clinic-performance/ already cover.",
/empowering-clinic-success-how-proper-data-management-improves-operations/,UNSURE,merge,/features/reports-and-dashboards/,,"Proposed from content review 2026-09-26; no Search Console data: A generic explainer on why clinic data matters, which is too thin once the invented case study and unconfirmed claims are cut; its metrics-to-track section belongs on the page that owns clinic dashboards and reports.",
/effective-patient-communication-techniques/,UNSURE,keep,/effective-patient-communication-techniques/,/features/patient-engagement/,"Proposed from content review 2026-09-26; no Search Console data: It answers a real patient-experience question for clinic owners and their staff, with substance that holds up without any invented material, and no existing page owns the patient-communication query, so it should be the one post for that cluster.",
/educating-patients-through-digital-content-elevating-understanding-and-outcomes/,UNSURE,merge,/features/patient-engagement/,,"Proposed from content review 2026-09-26; no Search Console data: This patient-education explainer is too thin once its unsourced outcome claims and unconfirmed product claims are cut, and sending condition-specific messages to patients between visits is what /features/patient-engagement/ owns.",
/building-clinical-consistency-must-have-sops-for-efficient-healthcare-operations/,UNSURE,merge,/clinical-governance-software/,,"Proposed from content review 2026-09-26; no Search Console data: This is the same query cluster as the kept post whose head keyword is 'clinical sops & governance', so its SOP checklist should move there instead of competing with it.",
/building-a-strong-team-top-hr-strategies-for-clinic-staff-retention/,UNSURE,merge,/measuring-what-matters-using-healthcare-kpis-to-track-and-improve-clinic-performance/,,"Proposed from content review 2026-09-26; no Search Console data: Once the invented case and the unconfirmed HR-module claims are cut, only generic HR advice and a staff-metrics list remain; no landing page owns HR, and the other workflow is sending the HR post to this same kept KPIs post.",
/breaking-the-burnout-cycle-how-clinic-automation-helps-doctors-reclaim-time-and-focus/,UNSURE,merge,/ai/,,"Proposed from content review 2026-09-26; no Search Console data: It duplicates the burnout query of the newer /physician-burnout/ post, and its main point, cutting documentation time, is the query /ai/ owns under spec 4.5 rule 1 (scribe and documentation).",
/top-10-doctor-apps-every-physician-should-use/,UNSURE,drop,410,,"Proposed from content review 2026-09-26; no Search Console data: A roundup of third-party clinical reference apps with no clinic-software buyer intent, which falls under spec 3.6's frontier and off-topic pruning.",
/mhealth-apps-and-mobile-health-innovations-doctors-must-know-in-2025/,UNSURE,drop,410,,"Proposed from content review 2026-09-26; no Search Console data: A dated 2025 mobile-health trends piece built on frontier technology (AI symptom checkers, IoMT wearables, precision medicine) with no buyer question behind it (spec 3.6).",
/top-medical-journals-every-doctor-should-follow-for-healthcare-research/,UNSURE,drop,410,,"Proposed from content review 2026-09-26; no Search Console data: A list of medical journals for continuing education, with no clinic-operations or software-buying question behind it.",
/essential-updates-on-clinical-guidelines-2025-what-doctors-must-know/,UNSURE,drop,410,,"Proposed from content review 2026-09-26; no Search Console data: A vague, dated clinical-news roundup that names no actual 2025 guideline change and carries no buyer intent for clinic software.",
/top-strategies-to-boost-patient-acquisition-in-2024/,UNSURE,merge,/clinic-marketing-strategy/,,"Proposed from content review 2026-09-26; no Search Console data: A dated 2024 listicle that is half product pitch and too thin once that is cut. It opens 'Here are a few things you can do to market your clinic and boost patient acquisition', so it belongs to the clinic-marketing cluster. This list keeps /clinic-marketing-strategy/ as that cluster's home, which is the condition the original proposal set for retargeting it there.",
/how-to-make-your-waiting-room-more-patient-friendly/,UNSURE,keep,/how-to-make-your-waiting-room-more-patient-friendly/,/features/appointment-scheduling/,"Proposed from content review 2026-09-26; no Search Console data: It answers a real patient-experience question for clinic owners setting up or renovating a clinic, and no page owns the waiting-room query; its wait-time point should send readers to the page that covers the OPD queue and wait-time updates.",
/tips-to-help-you-deliver-professional-care-online/,UNSURE,merge,/features/telehealth/,,"Proposed from content review 2026-09-26; no Search Console data: The video-consult etiquette tips are too thin to stand alone, and the telemedicine cluster already has its landing page, so the checklist should become a short section there.",
