path,target,final_target,reason
/advanced-financial-analytics-improving-profitability-of-malaysian-healthcare-practices/,/features/reports-and-dashboards/,/features/reports-and-dashboards/,"a Malaysian feature pitch whose only evidence is an invented Johor Bahru case study (18% revenue, 40% less expired stock) and an unsourced MOH-reports claim, and the financial dashboards, doctor productivity reports and branch comparisons it describes are what /features/reports-and-dashboards/ owns"
/ai-allergy-clinic-software/,/specialties/,/specialties/,"templated specialty AI explainer whose invented Bengaluru and Chennai cases, unsourced ICMR one-in-five figure and unconfirmed immunotherapy-tracking module leave only a few lines on skin prick tests and dose schedules once cut, and the allergy specialty page is already held and redirected to /specialties/"
/ai-clinic-automation-for-nephrologists/,/specialties/,/specialties/,"templated specialty AI explainer (invented Bangalore, Pune and Chennai cases with made-up 22, 30 and 15 per cent results, an unsourced McKinsey 20 to 25 per cent figure) that leaves only a paragraph on dialysis sessions and CKD labs once cut, and the nephrology specialty page is held and redirected to /specialties/"
/ai-clinic-management-systems-for-diabetologists/,/clinic-management-system-for-endocrinologists/,/clinic-management-system-for-endocrinologists/,"duplicates the endocrinology post, which covers diabetes follow-up in more depth, and its own substance is invented Delhi, Chennai and Bengaluru cases with made-up 38 and 25 per cent results and an unsourced 60 to 100 patients a day figure"
/ai-emr-solutions-rwanda/,/solutions/ngo-clinics/,/solutions/,"its product claims (offline-first sync, Kinyarwanda and French forms, geo-tagged visits, MoH-aligned reports) are invented or contradict the confirmed fact that EasyClinic does not run fully offline, and it addresses government community health worker programmes rather than a clinic owner. Merge target: /solutions/ngo-clinics/ is a draft, so this uses /solutions/, the fallback src/data/redirects.yaml already gives it, until it publishes"
/ai-surgery-clinic-software/,/specialties/,/specialties/,"templated specialty AI explainer whose case studies are not about surgery (radiology, dental, multi-specialty) and whose only surgical substance is a list of package-bill components, and the general surgery specialty page is held and redirected to /specialties/"
/alternative-medicine-clinic-management-software/,/ayurveda-clinic-management-software/,/ayurveda-clinic-management-software/,"competes with /ayurveda-clinic-management-software/, which already took over the old /alternative-medicine/ page by redirect, and the rest is the templated AI explainer with the copied Lagos, Kuala Lumpur and Bangalore cases and an unsourced 80 per cent AYUSH figure"
/automated-compliance-and-reporting-solutions-aligning-with-rwandas-healthcare-standards/,/clinic-in-rwanda/,/clinic-in-rwanda/,"once the invented Kigali results (80% less audit preparation), the NHIF scheme that belongs to Kenya and the unconfirmed HL7, FHIR and MoH sync claims are cut, only a list of Rwandan bodies remains, which the Rwanda clinic guide already covers"
/best-healthcare-crm-systems-for-healthcare-providers/,/strengthening-patient-connections-implementing-crm-systems-for-better-relations/,/strengthening-patient-connections-implementing-crm-systems-for-better-relations/,"a 2024 listicle of third-party CRMs (Salesforce, Zoho, Microsoft, HubSpot, eClinicalWorks, Healthgrades) whose vendor claims are unsourced and dated, answering the same clinic CRM question as the stronger CRM explainer"
/bi-and-reporting-software-for-clinics/,/features/reports-and-dashboards/,/features/reports-and-dashboards/,"its query (BI and reporting software for clinics) belongs to /features/reports-and-dashboards/, and the rest is four invented case studies, an unsourced 15 to 20% retention claim and product puffery"
/clinic-business-in-tier-2-cities/,/open-a-clinic-in-india/,/open-a-clinic-in-india/,"once the invented use cases, patient quotes and puffery are cut only an IBEF growth projection and the NITI Aayog 70% private outpatient figure remain, too thin for a page of its own, and the tier 2 question fits as a section of the India location post"
/clinic-compliance-laws-in-india/,/clinic-compliance-checklist/,/clinic-compliance-checklist/,"same query cluster as /clinic-compliance-checklist/ (Clinical Establishments Act, DPDP Act, ABDM, records, staff access, billing) with a weaker checklist and invented scenes; carry its DPDP Act and Clinical Establishments citations into the checklist post"
/clinic-efficiency-in-malaysia/,/clinic-in-malaysia/,/clinic-in-malaysia/,"a feature list for a market outside the four target countries, with an invented Kuala Lumpur polyclinic (40% shorter waits, reviews from 3.8 to 4.6) and unconfirmed Malay, Chinese, Tamil and FPX claims; the few Malaysia specifics fit the Malaysia start-a-clinic post"
/clinic-financial-mistakes/,/clinic-setup-cost-in-india/,/clinic-setup-cost-in-india/,"same template and query cluster as /clinic-setup-cost-in-india/ (underbudgeted compliance, software left for later, no runway), and once the invented use cases are cut its sourced points (Clinical Establishments Act, CPCB biomedical waste, CBIC GST registration) and the mistakes table belong in that post, while the patient arithmetic belongs to /clinic-break-even-point/"
/clinic-growth-in-africa/,/kenya-vs-nigeria-clinic/,/start-a-clinic/,"same template and question as the Kenya vs Nigeria post, and once the generic use cases are cut only the AfDB, WHO and IFC figures remain, which belong in that more specific post. Merge target: /kenya-vs-nigeria-clinic/ is held too and merges into /start-a-clinic/"
/clinic-legal-mistakes/,/clinic-compliance-checklist/,/clinic-compliance-checklist/,"restates /clinic-compliance-checklist/ as seven mistakes (registration, consent, privacy, report sharing, records, staff training) with invented scenarios; only teleconsultation documentation under the Telemedicine Practice Guidelines 2020 is new, and it belongs in the checklist post"
/clinic-management-for-gastroenterologists/,/specialties/,/specialties/,"templated specialty AI explainer built on invented cases (a 40 per cent wait-time drop, zero data loss) and unverifiable journal citations, leaving only a few lines on endoscopy slots and procedure reports once cut, and the gastroenterology specialty page is held and redirected to /specialties/"
/clinic-management-in-india/,/solutions/polyclinic/,/solutions/polyclinic/,"a multi-specialty feature pitch that duplicates /solutions/polyclinic/ (which owns multi-specialty clinic software), and its only evidence is the unsourced Bangalore five-branch case study with 30% and 25% gains"
/clinic-management-software-for-general-practitioners/,/general-practitioner-emr/,/general-practitioner-emr/,"targets the same query as the published /general-practitioner-emr/ page (spec 4.5 rule 5), and what is left after cutting the copied Lagos, Kuala Lumpur and Bangalore cases and the unsourced seventy per cent figure is generic"
/clinic-management-software-for-rheumatology/,/specialties/,/specialties/,"templated specialty AI explainer with the copied Lagos, Kuala Lumpur and Bangalore cases and unconfirmed EasyClinic claims (tele-rheumatology, NDHM alignment), leaving only a mention of DAS28, BASDAI and joint charts once cut, and the rheumatology specialty page is held and redirected to /specialties/"
/clinic-management-software/,/clinic-management-software-india/,/pricing/india/,"its head query, clinic management software in India, is the India country page head keyword and sits on the Home term, and the body rests on unsourced NASSCOM, Gartner and 20 to 30% efficiency figures, plan names that do not exist and ABDM readiness claims. Merge target: /clinic-management-software-india/ is a draft, so this uses /pricing/india/, the fallback src/data/redirects.yaml already gives it, until it publishes"
/clinic-management-system-for-general-medicine/,/general-practitioner-emr/,/general-practitioner-emr/,"targets the general practice query owned by the published /general-practitioner-emr/ page and duplicates the GP post, and its substance is invented Mumbai, Jaipur and Bengaluru results and unverifiable citations"
/clinic-management-system-for-radiologists/,/features/lab/,/features/lab/,"duplicates /radiology-clinic-software/ (itself held into /features/lab/), rests on invented results and unverifiable citations (an Apollo whitepaper, IndiaAI 250 centres), and states no confirmed radiology, PACS or DICOM capability, so its one usable point, imaging ordered from the chart with the report on the record, belongs on the lab page"
/clinic-software-migration/,/switch/,/switch/,"its head query (moving from one clinic system to another) is the EMR data migration cluster that /switch/ owns (spec 4.1 and 5.17), and without the invented multi-clinic case study (zero downtime in three months) the rest is generic parallel-run advice"
/compliance-made-easy-adhering-to-nigerian-healthcare-regulations-with-easyclinic/,/hospital-management-software-nigeria/,/countries/,"almost all of it is unconfirmed EasyClinic claims (NHIA-compliant coding, international security standards, SOP templates, licence alerts), and the regulator list it would keep is already on /clinic-in-nigeria/ and the Nigeria country page, which spec 4.5 rule 4 makes the one home of the regulator explainer. Merge target: /hospital-management-software-nigeria/ is a draft, so this uses /countries/, the fallback src/data/redirects.yaml already gives it, until it publishes"
/consistent-patient-experiences-across-multiple-clinic-sites/,/scaling-with-structure-managing-multi-location-clinics-efficiently/,/scaling-with-structure-managing-multi-location-clinics-efficiently/,"most of the body is a product feature tour (prescriptions, AI note drafting, trend charts) plus unsourced hygiene compliance tracking, and once that is cut the advice on keeping care consistent across branches (shared templates, SOPs, one record, branch benchmarking) repeats the standardisation and patient-experience sections of the stronger scaling-with-structure post and the care-drift block on /solutions/clinic-chain/"
/cross-location-analytics-for-clinic-chains-a-complete-overview/,/features/multi-location/,/features/multi-location/,a list of branch reports with no mechanism or numbers that duplicates the per-branch reporting section of /features/multi-location/ and the branch revenue view on /features/reports-and-dashboards/
/custom-built-for-african-specialists-why-customisable-emr-is-the-future-of-healthcare-in-africa/,/features/emr/,/features/emr/,"it duplicates the emr-customisation post and the specialty templates section of /features/emr/, and its Africa claims (prescriptions in any regional language, offline access, HIV modules, local compliance) are invented, so it is thin once they are cut"
/digital-payment-integration-for-telemedicine-simplifying-remote-consultations/,/features/telehealth/,/features/telehealth/,"/features/telehealth/ already answers paying the consult fee online before the call, and the rest is a generic EMR tour with unconfirmed claims (no third-party gateway needed, PCI compliance, health wallets)"
/digitizing-ethiopias-rural-health-facilities-the-benefits-of-easyclinics-integrated-emr/,/clinic-in-ethiopia/,/clinic-in-ethiopia/,"its claims (offline entry with sync, Amharic, Afaan Oromo and Tigrigna interfaces, preloaded MoH programme templates, the Oromia health centre results) are invented and it is aimed at public health posts rather than a clinic owner, so only the paragraph on the Ethiopian health tiers survives"
/easyclinic-ai-automation-software/,/ai/,/ai/,"branded EasyClinic AI query that /ai/ owns, and the post rests on fabricated named testimonials (Dr Raghavan) and misattributed statistics and claims offline features the live site says do not exist"
/easyclinic-emr-software-in-india/,/clinic-management-software-india/,/pricing/india/,"its head query (EMR software in India) is a secondary keyword of the India country page (spec 4.2 and 4.5 rule 4), and the rest is unsourced figures (25-30% efficiency loss, 55% fewer errors, the Bangalore clinic, ROI in 6 to 12 months), a Basic plan that does not exist and an NDHM compliance claim. Merge target: /clinic-management-software-india/ is a draft, so this uses /pricing/india/, the fallback src/data/redirects.yaml already gives it, until it publishes"
/easyclinics-role-in-rwandas-digital-health-transformation/,/clinic-in-rwanda/,/clinic-in-rwanda/,"promotional throughout, with claims the confirmed facts contradict or cannot support (offline data entry, NHIF billing in Rwanda, French training, MoH reporting), and nothing left once they are cut"
/effortless-teleconsultations-bridging-the-healthcare-gap-in-rural-africa/,/healthcare-in-uganda/,/healthcare-in-uganda/,"the Meru case and its 40%, 60% and 30% figures are invented and the low-bandwidth, encryption and five-minute consult claims are unconfirmed, leaving a rural teleconsultation piece that duplicates the Uganda post"
/empowering-patients-with-easyclinics-patient-portal-and-mobile-app/,/features/patient-engagement/,/features/patient-engagement/,"a tour of the EasyClinic portal and app that cannibalises /features/patient-engagement/ (patient portal software, patient app for clinics) and rests on unconfirmed claims (HIPAA and MTCS compliance, biometric login, emergency access, wait-time alerts)"
/emr-customisation-with-easyclinic-tailor-workflows-improve-care/,/features/emr/,/features/emr/,"its confirmed facts (specialty templates, own clinical forms and print layouts on Premium, customisation without charges) are already on /features/emr/ as a section and an FAQ, and the rest (low-code form builder, drag-and-drop layouts, conditional logic, tunable AI recommendations, CRM and ERP links) is unconfirmed"
/ensuring-financial-integrity-with-advanced-clinic-accounting/,/billing-fraud-detection-for-clinics/,/billing-fraud-detection-for-clinics/,"a feature list whose claims (GAAP-compliant tracking, QuickBooks and Zoho exports, local tax-system integration, M-Pesa and Airtel tracking) have no confirmed source, and what survives (till summaries, discrepancy flags, audit trails, role permissions) duplicates /billing-fraud-detection-for-clinics/ and the day-end close on /features/billing/"
/expiry-and-stock-alerts-safeguarding-patients-and-cutting-waste-in-clinics/,/features/pharmacy-and-inventory/,/features/pharmacy-and-inventory/,"a feature list of expiry and reorder alerts that duplicates the batch, expiry and reorder section of /features/pharmacy-and-inventory/ and has no clinic-owner question left once the product claims are cut"
/faqs-on-emr-medical-software/,/easyclinic-emr-vs-traditional-emr/,/easyclinic-emr-vs-traditional-emr/,"its two real questions (what an EMR is, what is wrong with paper records) are answered by the published EMR vs paper records guide and the glossary, and the rest is a feature list with an unsourced under-a-minute note claim, so it would only compete with the guide"
/future-proofing-your-practice-task-automation-tools-every-clinic-should-consider/,/clinic-workflow-automation/,/clinic-workflow-automation/,"a generic list that recommends US tools (Tebra, Kareo, Zapier) and rests on an invented Kuala Lumpur dermatology case (40% fewer missed appointments, 3 hours saved daily); the automation question belongs to the clinic workflow automation post"
/haematology-clinic-management-software/,/specialties/,/specialties/,"templated specialty AI explainer with the copied Lagos, Kuala Lumpur and Bangalore cases, leaving only a few lines on transfusion, ferritin and chelation tracking once cut, and the haematology specialty page is held and redirected to /specialties/"
/healthcare-compliance-software/,/trust/,/resources/,"nothing survives the cut: it frames compliance around HIPAA, a US law outside the four markets, rests on an invented multi-clinic case study, states unconfirmed EasyClinic features (immutable logs, automated regulatory updates, ABHA integration), and its product query belongs to /trust/. Merge target: /trust/ is a draft with no hub, so this uses /resources/, the hub for trust pages, until it publishes"
/healthcare-management-in-rwanda/,/clinic-in-rwanda/,/clinic-in-rwanda/,"mostly unconfirmed claims (offline mode, Kinyarwanda support, CBHI integration, MoH compliance) and a hypothetical district clinic with invented results; the CBHI and facility-tier explainer that survives is a section of the Rwanda clinic guide"
/how-do-i-start-a-private-clinic-in-india/,/clinic-in-india/,/clinic-in-india/,"its query is the same cluster as /clinic-in-india/ (how to start a clinic in India), which was refreshed from the same material, and after cutting the USD 372 billion projection, the easyclinic.co.in links and the unconfirmed ABHA, HL7, FHIR and speed claims it adds nothing that guide lacks"
/how-easyclinic-integrations-improve-healthcare-delivery/,/integrations/,/features/,"every section states an integration or compliance status (FHIR, HL7, Tally, QuickBooks, TPA APIs, HIPAA and GDPR) that the page rules forbid, and the topic is owned by /integrations/. Merge target: /integrations/ is a draft, so this uses /features/, the fallback src/data/redirects.yaml already gives it, until it publishes"
/immunology-clinic-management-software/,/specialties/,/specialties/,"templated specialty AI explainer that overlaps the allergy post (skin prick tests, immunotherapy vials) and the rheumatology post (RA, lupus, biologics), with the template case studies and nothing specific left once cut, and the old /immunology-emr/ page already redirects through allergy to /specialties/"
/integrated-pharmacy-management/,/features/pharmacy-and-inventory/,/features/pharmacy-and-inventory/,"its query, dispensing from the prescription in an in-house pharmacy, is what /features/pharmacy-and-inventory/ owns, and the post adds no licensing or process detail beyond unconfirmed product claims"
/inventory-management-in-rwanda/,/inventory-management-for-rural-clinics/,/inventory-management-for-rural-clinics/,"duplicates the rural clinic inventory post (lead times, seasonal surges, FEFO, donor reporting) and adds only an unverified RBC 40% stockout figure, a district hospital case with invented results and offline and Kinyarwanda claims the facts do not support"
/kenya-vs-nigeria-clinic/,/start-a-clinic/,/start-a-clinic/,"with the invented use cases and the opinion table cut nothing specific is left to compare (no licensing steps, costs or payers for either country, only the PATH, NDHI and WHO context lines), so it is too thin to answer the Kenya or Nigeria question"
/making-smarter-decisions-with-easyclinics-analytics-and-reports/,/features/reports-and-dashboards/,/features/reports-and-dashboards/,"a product feature list with no question or number that duplicates /features/reports-and-dashboards/, which owns clinic dashboards and reports"
/malaysia-healthcare-boom/,/clinic-in-malaysia/,/clinic-in-malaysia/,"a market-trend piece with no licensing steps and no EasyClinic facts for Malaysia; once the generic software pitch and invented use cases are cut, its sourced MHTC, Malay Mail, Reuters and MOH figures belong in the Malaysia start-a-clinic post instead of a second page on clinic setup in Malaysia"
/managing-insurance-claims-effortlessly-with-easyclinic/,/features/insurance-claims/,/features/insurance-claims/,"a product pitch for insurance claim software that targets the query /features/insurance-claims/ owns (spec 4.5 rule 2), and its integration claims (electronic claim portals, national schemes, insurer-agnostic submission) are status-unknown, so nothing survives that the feature page does not already cover"
/maximise-clinic-efficiency-with-smart-hr-management-systems/,/measuring-what-matters-using-healthcare-kpis-to-track-and-improve-clinic-performance/,/measuring-what-matters-using-healthcare-kpis-to-track-and-improve-clinic-performance/,"nearly every claim (biometric attendance, payroll, leave, AI staffing forecasts, wellness programmes) describes an HR module that no confirmed fact supports, and with those cut only a staff-metrics paragraph remains, which fits the clinic KPIs post"
/medical-transcription-software/,/ai/,/ai/,"scribe and documentation terms belong to /ai/ (spec 4.5 rule 1), and the post is built on an invented Dr Rao case study told twice with an unsourced fifty per cent result"
/mobile-payments-for-ugandan-clinics/,/clinic-cash-flow/,/clinic-cash-flow/,"too thin once the invented 40 per cent revenue gain, the unsourced 35 million mobile money users and East African studies, the MTN, Airtel and offline-billing claims (integration status unknown; the live site says it does not run fully offline) and the link to Tanzania's NHIF are cut, and the surviving point (take mobile money at the desk) belongs in the cash flow post"
/modern-convenience-how-online-payments-improve-the-patient-experience-in-clinics/,/clinic-cash-flow/,/clinic-cash-flow/,"US-framed generic advice (ACH, HIPAA, PCI) with an invented Malaysian case study (45%, 38%, 22%), and its surviving points (payment links, reminders for dues, itemised bills) duplicate /clinic-cash-flow/"
/multilingual-capabilities-in-malaysia/,/multilingual-digital-prescriptions/,/features/emr/,"its core claims (EMR in Bahasa Malaysia, Mandarin and Tamil, voice tools, PDPA alignment, the Selangor results) are unconfirmed or invented, only English and Swahili prescriptions are confirmed, and it duplicates the multilingual prescriptions post. Merge target: /multilingual-digital-prescriptions/ is held too and merges into /features/emr/"
/multilingual-digital-prescriptions/,/features/emr/,/features/emr/,"its core claim (auto-translated prescriptions in Yoruba, Igbo, Hausa and Pidgin) is unconfirmed, as English and Swahili are the only confirmed prescription languages, and once that, the 40% workload figure, the 50-70% adherence claim and the offline FAQ are cut, nothing is left that /features/emr/ does not already say"
/ndhm-compliance-in-india/,/abdm-compliance/,/abdm-compliance/,"NDHM is the old name for ABDM, so this chases the same query as /abdm-compliance/, which is the stronger post (HFR, HPR and the M1 to M3 milestones), while this one is mostly unconfirmed EasyClinic ABHA and consent claims, an invented Pune clinic result and puffery"
/new-clinic-in-kenya/,/how-much-does-it-cost-to-open-a-clinic-in-nairobi/,/how-much-does-it-cost-to-open-a-clinic-in-nairobi/,"every salary, rent, fee and patient-count figure is unsourced and the running costs are already covered line by line in the Nairobi cost guide, leaving only a generic break-even method that belongs there as a section"
/oncology-clinic-management-software/,/specialties/,/specialties/,"templated specialty AI explainer whose copied cases, unconfirmed chemotherapy-tracking and NDHM claims and a 7 to 14 day go-live that contradicts the confirmed 3 days leave only lists of oncology documents and bill items once cut, and the oncology specialty page is held and redirected to /specialties/"
/one-click-billing-revolutionising-clinic-billing-processes-in-africa/,/features/billing/,/features/billing/,"a feature pitch for clinic billing software that duplicates /features/billing/ (whose first bill-building row is one click from the appointment screen) and rests on status-unknown claims (secure payment gateways, claim submission, regulatory compliance), leaving no clinic-owner question once they are cut"
/paperless-clinic-workflow/,/features/lab/,/features/lab/,"its argument (send the lab report to the patient phone instead of printing it) is already made on /features/lab/ and /features/whatsapp/, and the rest is the invented 5:20 pm clinic story and its unmeasured results, so it would cannibalise those pages and is thin once the story is cut"
/pathology-clinic-management-software/,/features/lab/,/features/lab/,"it targets pathology lab software, a secondary keyword of /features/lab/, and after cutting the unsourced 70 per cent statistic, the invented Pune, Lagos, Kuala Lumpur and Bangalore cases and the unconfirmed AI, NABL and NDHM claims it says nothing the lab page does not"
/patient-data-management-in-ethiopia/,/features/emr/,/features/emr/,"its central promise, an offline mobile EMR with auto-sync, contradicts the confirmed fact that EasyClinic does not run fully offline, the Oromia result is invented, and the remaining mobile-access points are already on /features/emr/"
/patient-data-privacy-mistakes/,/patient-data-privacy-laws-in-india/,/patient-data-privacy-laws-in-india/,"same cluster as the published /patient-data-privacy-laws-in-india/ guide; once the invented Pune and Lucknow stories, unconfirmed EasyClinic controls (breach alerts, retention rules) and the DPDP Rules link that points to an ABDM page are cut, what remains (WhatsApp report forwarding, shared logins, departing staff access, separate marketing consent) fits the day-to-day section and checklist of that guide"
/patient-engagement-software/,/features/patient-engagement/,/features/patient-engagement/,"its query is the head keyword of /features/patient-engagement/ and its core, the Dr Mehta case with a 30% no-show drop, is invented, while the rest restates the feature page"
/pdpa-compliance-audit/,/trust/,/resources/,"about two thirds of it is unconfirmed EasyClinic controls (AES-256, PDPA-compliant hosting, geo-redundant backups, awareness modules), the rest is a generic privacy checklist with an unsourced RM500,000 penalty and unsourced audit criteria, and Malaysia has no landing, pricing or contact page on the site to own the post. Merge target: /trust/ is a draft with no hub, so this uses /resources/, the hub for trust pages, until it publishes"
/profitable-clinic-setup/,/clinic-in-india/,/clinic-in-india/,"an India opening plan that cannibalises /clinic-in-india/ (which already answers how long opening takes and what it costs), and once the invented use cases are cut only the 90-day timeline table and the Bhopal rent example remain, which fit as a section of that guide"
/pulmonology-ai-clinic-software/,/specialties/,/specialties/,"templated specialty AI explainer with invented results (7 minutes to 90 seconds, 40 per cent shorter waits) and a false offline-resilience claim, leaving only a few lines on spirometry and seasonal surges once cut, and the pulmonology specialty page is held and redirected to /specialties/"
/radiology-clinic-software/,/features/lab/,/features/lab/,"a trend essay on AI, robotics, AR and VR with invented use cases and no confirmed radiology, PACS or DICOM capability; its one usable point, imaging ordered from the chart with the report on the record, is already on /features/lab/"
/real-time-stock-management-avoiding-medical-supply-shortages-in-clinics/,/smarter-stocks-bigger-savings-how-clinic-inventory-management-helps-cut-costs/,/smarter-stocks-bigger-savings-how-clinic-inventory-management-helps-cut-costs/,"a feature list of unconfirmed claims (barcodes, automatic supplier reorders, AI forecasting, just-in-time planning) that duplicates the stock-cost post, which keeps the reorder-point and expiry advice"
/rural-healthcare-market-in-india/,/open-a-clinic-in-india/,/open-a-clinic-in-india/,"built on an invented Nagpur anecdote, unsourced before-and-after figures (registration under 90 seconds, no-shows nearly halved) and an offline-first claim the live site contradicts (it does not run fully offline today), so nothing citable is left beyond the rural share of the population"
/scaling-your-clinic-operations-across-africa-with-easyclinic/,/solutions/clinic-chain/,/solutions/clinic-chain/,"a multi-branch brochure (central control, shared records, branch inventory, third-party integrations) that competes with /solutions/clinic-chain/ and /features/multi-location/ and has no Africa-specific fact once the unconfirmed integration and compliance claims are cut"
/seamless-prescription-transfers-elevating-pharmacy-efficiency-with-digital-integration/,/features/pharmacy-and-inventory/,/features/pharmacy-and-inventory/,"it is built on an unconfirmed partner-pharmacy transfer network and interaction checks; with those cut, dispensing from the prescription and sending it on WhatsApp are already covered by /features/pharmacy-and-inventory/ and /features/emr/"
/self-service-appointment-booking-empowering-patients-streamlining-clinics/,/online-appointment-booking-system/,/online-appointment-booking-system/,"it answers the same patient self-scheduling question as the stronger /online-appointment-booking-system/ post, with a generic list and unconfirmed HIPAA, GDPR and AI scheduling claims"
/simplified-third-party-billing-boosting-revenue-for-african-clinics/,/features/insurance-claims/,/features/insurance-claims/,"payer price lists, pre-validated claims and rejection tracking are the mechanics /features/insurance-claims/ owns (spec 4.5 rule 2), and the rest is status-unknown integration claims (automated submission to third-party platforms, offline sync, micro-insurance) and puffery"
/simplifying-ethiopias-healthcare-supply-chain/,/clinic-in-ethiopia/,/clinic-in-ethiopia/,"once the invented Southern Ethiopia case study (70% fewer stockouts, procurement cut from 14 to 4 days), the offline-first claim that migration/research/facts.md contradicts, the unsourced MoH, USAID, Global Fund and GAVI reporting claims and the garbled passages are cut, what remains is a generic inventory feature list already on /features/pharmacy-and-inventory/, with nothing a private Ethiopian clinic owner can act on; carry any Ethiopia supply point that checks out (such as the cited PMC11417768 study on expired medicines) into the sourcing advice of the Ethiopia guide"
/simplifying-healthcare-financing/,/hospital-management-software-nigeria/,/countries/,"Nigerian product and compliance intent that the Nigeria country page owns (spec 4.5 rule 4), built on status-unknown NHIS integration claims, invented figures (10 to 30 per cent leakage, 20 to 50 per cent revenue gains) and a link to a US survey site; NHIS has been NHIA since 2022, and the HMO claim mechanics belong on /features/insurance-claims/. Merge target: /hospital-management-software-nigeria/ is a draft, so this uses /countries/, the fallback src/data/redirects.yaml already gives it, until it publishes"
/smart-inventory-management-with-ai-how-easyclinic-optimises-medical-supplies/,/smarter-stocks-bigger-savings-how-clinic-inventory-management-helps-cut-costs/,/smarter-stocks-bigger-savings-how-clinic-inventory-management-helps-cut-costs/,"it rests on unconfirmed AI forecasting and RFID claims and an invented rural Kenya case (85 and 30 per cent), leaving only reorder and expiry basics that the stock-cost post already covers"
/starting-a-clinic-in-dubai/,/clinic-management-software-uae/,/countries/,"once the invented use cases, patient quotes and opinion table are cut only the DHA Sheryan facility-licensing steps and the DHA Q1 2024 licensing figures remain, too thin to answer Dubai versus India, and those facts belong with the UAE regulator explainer. Merge target: /clinic-management-software-uae/ is a draft, so this uses /countries/, the fallback src/data/redirects.yaml already gives it, until it publishes"
/streamlined-lab-operations-quick-and-accurate-diagnostics-with-easyclinic/,/features/lab/,/features/lab/,"a lab-module brochure (orders from the chart, results in the record, WhatsApp delivery, trend graphs) that restates /features/lab/ and adds only unconfirmed claims such as barcode specimen tracking and AI test suggestions"
/streamlining-medical-logistics-timely-deliveries-for-multi-location-clinics/,/features/pharmacy-and-inventory/,/features/pharmacy-and-inventory/,"the delivery features that make this a logistics post (GPS tracking, courier routes, delivery staff assignment, temperature logs, offline support) have no source, and offline support contradicts migration/research/facts.md; what survives (stock transfers between branches, central warehouse distribution, multi-level approvals, reorder levels and purchase orders) is already the stock-transfer and supplier rows of /features/pharmacy-and-inventory/, which owns that cluster"
/strengthening-patient-clinic-relationships-through-automated-communication/,/features/patient-engagement/,/features/patient-engagement/,"a tour of the onboard, remind, follow-up, feedback and loyalty loops that /features/patient-engagement/ already covers, with unconfirmed claims (AI message personalisation, trend charts for patients, discount alerts)"
/telemedicine-guide-navigating-the-future-of-virtual-care-in-clinical-practice/,/telemedicine-in-india/,/telemedicine-in-india/,"too thin once cut, generic bullet tips with no country, law, product fact or number, and the consent and consult checklist is the only part worth keeping"
/telemedicine-in-india-2/,/telemedicine-in-india/,/telemedicine-in-india/,"duplicates /telemedicine-in-india/ and rests on unsourced figures (a $7.8 billion AI market, 83% and 70% of doctors) and unconfirmed EasyClinic AI, encryption and language claims linking to easyclinic.co.ke, so only its implementation steps and the paid follow-up point carry over"
/the-essential-rcm-guide-mastering-revenue-cycle-management-for-private-clinics/,/features/revenue-management/,/features/revenue-management/,"spec 4.5 rule 2 keeps revenue cycle management on /features/revenue-management/ only, and the guide is US-framed (clearinghouses, certified coders) with an invented Nairobi case study (30% fewer denials, 45 to 18 days); its KPI list (days in receivables, denial rate, collection rate) can inform that page"
/unified-scheduling-for-scalable-clinic-networks-in-africa/,/features/multi-location/,/features/multi-location/,"almost every paragraph is an unconfirmed product claim (predictive scheduling, load balancing across branches, AI alerts, auto-rescheduling on resource clashes) and the true part, central booking across branches, is already answered on /features/multi-location/"
/visual-data-analytics-in-ethiopian-clinics/,/features/reports-and-dashboards/,/features/reports-and-dashboards/,"it relies on an invented Tigray result, offline use that contradicts the confirmed fact, and unconfirmed AI diagnosis and Ethiopian DHIS2 claims, and it duplicates the visual health intelligence post"
/visual-health-intelligence-making-patient-data-work-for-african-clinics/,/features/reports-and-dashboards/,/features/reports-and-dashboards/,"a short brochure on trend graphs and visual reports, with unconfirmed AI no-show prediction, that duplicates the Ethiopia analytics post and adds nothing beyond /features/reports-and-dashboards/ and the lab trend charts"
/visual-lab-results-easy-interpretation-of-diagnostic-data/,/features/lab/,/features/lab/,"the lab trend charts and flagged values it describes are already on /features/lab/, and the rest (AI prediction of abnormalities, critical-value escalation logs, patient-facing graphs) is unconfirmed"
/what-are-the-registration-and-licensing-requirements-for-doctors-in-kenya/,/how-do-i-get-approval-from-the-kmpdc-in-kenya/,/how-do-i-get-approval-from-the-kmpdc-in-kenya/,"doctor registration with the KMPDC, including the EPIC check for doctors trained outside the EAC, is already covered by the published KMPDC guide, so this post cannibalises it, and the Clinical Officers Council steps and fees are the only addition worth carrying over once checked"
/whatsapp-clinic-automation/,/whatsapp-triage-for-clinics/,/whatsapp-triage-for-clinics/,"its head query sits in the WhatsApp for clinics cluster owned by /features/whatsapp/, the message queue and task claims are unconfirmed and the evening clinic story is invented, so only the after-hours handling and sorting by request type carry over"
/whatsapp-no-show-reduction/,/top-strategies-for-reducing-patient-no-shows/,/top-strategies-for-reducing-patient-no-shows/,"same no-show query as /top-strategies-for-reducing-patient-no-shows/ with reminder mechanics that belong to /features/whatsapp/, so its confirmation, preparation, reminder and recovery message sequence moves into the kept no-show post"
/whatsapp-patient-compliance-tracking/,/whatsapp-follow-up-automation/,/whatsapp-follow-up-automation/,"overlaps /whatsapp-follow-up-automation/ on between-visit follow-through and follow-up attendance and opens on an invented Pune dermatologist, so its read-receipt caveats and sourced consent points (WhatsApp Help Centre, DPDP Act 2023, WhatsApp Business policy) move into that post"
/whatsapp-patient-journey/,/whatsapp-triage-for-clinics/,/whatsapp-triage-for-clinics/,"once the invented enquiry scenes and the unconfirmed WhatsApp slot booking are cut its steps repeat the registration link on /features/whatsapp/ and /features/patient-engagement/ and the confirmation messages in the no-show post, leaving only new-enquiry routing"
/whatsapp-referrals-for-clinics/,/features/patient-engagement/,/features/patient-engagement/,"too thin once the invented scenes are cut, since the advice reduces to following up after the visit, sending reports promptly and making the clinic easy to recommend, which the follow-up and feedback loops on /features/patient-engagement/ already cover"
/why-clinic-management-solution-is-must-for-clinics/,/easyclinic-emr-vs-traditional-emr/,/easyclinic-emr-vs-traditional-emr/,"an 836-word 2022 benefits list whose case against paper is covered by the EMR vs paper guide and whose query competes with the home page, with unsourced claims (bank-level security, a free trial) that must go"
