repo_path,old_image_no,old_url,captured_on,shows,placed_on,kind,frame,processing,width,height,bytes,status,company_to_confirm,shown_on_old_pages
src/assets/images/screens/scheduling-two-doctor-calendar.png,27,https://www.easyclinic.io/wp-content/uploads/2024/01/Clinic-Management_Carousal_1.png,2024-01,Day calendar with a column for each of two doctors and each patient's appointment status,/ heroMedia ; /features/appointment-scheduling/ sections[2] items[0] Doctors and consulting rooms on one calendar,product screenshot,browser,"crop 0,0,900,470 (the calendar only; stops above the Day visits overlay, which starts at y 482)",900,470,35098,imported,matches the current UI,/ /countries/ /pricing/india/
src/assets/images/screens/scheduling-day-visits-walk-in.png,27,https://www.easyclinic.io/wp-content/uploads/2024/01/Clinic-Management_Carousal_1.png,2024-01,Day visits list with a walk-in and booked patients and their status,/solutions/solo-clinic/ sections[2] items[1] The appointment book and reminders ; /indiademo/ sections[2] items[0] Appointments,product screenshot,none,"crop 20,482,304,1059 (Day visits panel, to its border)",284,577,25010,imported,matches the current UI,/ /countries/ /pricing/india/
src/assets/images/screens/scheduling-token-list.png,27,https://www.easyclinic.io/wp-content/uploads/2024/01/Clinic-Management_Carousal_1.png,2024-01,Token list for one doctor with each patient's token number and arrival status,/specialties/general-practitioner-emr/ sections[2] items[0] At the desk: the token and the queue,product screenshot,none,"crop 486,768,840,1015 (token list below the reminder overlay, inside the panel border)",354,247,11183,imported,matches the current UI,/ /countries/ /pricing/india/
src/assets/images/screens/scheduling-priority-walk-in.png,136,https://www.easyclinic.io/wp-content/uploads/2024/11/2.png,2024-11,Day visits list with a patient flagged as priority beside the day's calendar,/features/appointment-scheduling/ sections[2] items[1] Walk-ins beside booked slots,product screenshot,browser,"redact both mobile numbers (+91 93xxxxxx91): boxes 37,257,158,282 and 37,518,158,543",1008,677,25276,imported,matches the current UI,/features/appointment-scheduling/
src/assets/images/screens/online-booking-slots.png,137,https://www.easyclinic.io/wp-content/uploads/2024/09/img5.png,2024-09,Online booking page listing a doctor's open slots for today and the next days,/ sections[2] steps[0] Book ; /features/appointment-scheduling/ sections[2] items[6] Patients who book themselves ; /features/patient-engagement/ sections[2] items[0] Booking the next visit from the portal or app,product screenshot,none,"crop 455,372,990,968 (booking page without its URL bar; nothing else from the collage)",535,596,19344,imported,"product logo on the booking page reads ""Easy Clinic""",/features/appointment-scheduling/ /features/patient-engagement/
src/assets/images/screens/message-templates-by-channel.png,506,https://www.easyclinic.io/wp-content/uploads/2024/09/6.2.png,2024-09,"Message templates listed by channel: email, SMS and WhatsApp",/features/appointment-scheduling/ sections[2] items[2] Reminders by SMS and email on every plan ; /features/patient-engagement/ sections[2] items[4] Reminders by SMS and email,product screenshot,browser,none,991,582,17734,imported,matches the current UI,/features/patient-engagement/
src/assets/images/screens/message-events-invoice-channels.png,507,https://www.easyclinic.io/wp-content/uploads/2024/09/6.3.png,2024-09,"The invoice event mapped to an email, an SMS and a WhatsApp template","/features/whatsapp/ sections[1] items[3] The receipt, after payment",product screenshot,browser,none,882,625,23254,imported,matches the current UI,/features/patient-engagement/
migration/images/held/prescription-dosage-and-print-language.png,288,https://www.easyclinic.io/wp-content/uploads/2024/01/1_EMR.png,2024-01,Prescription screen with a dosage shortcut picker and a print-language list with Hindi selected,"not placed; held (review 2026-09-28): shows a print-language list (Bangla, English, Hindi, Marathi, Tamil) that is not a confirmed fact (facts-needed P24); was on /features/emr/ and /indiademo/",product screenshot,none,none (designed composite of real UI),800,1080,38593,"held in migration/images/held/, not placed",which print languages the prescription supports (facts-needed P24),/features/ /solutions/clinic-chain/ /solutions/hospital-opd/ /solutions/polyclinic/ /solutions/solo-clinic/ /specialties/
src/assets/images/screens/visit-template-specialty-components.png,363,https://www.easyclinic.io/wp-content/uploads/2025/01/2-8.png,2025-01,"Visit template settings with each section, including Obs Gynae and Glass prescription, switched on or off",/features/emr/ sections[1] items[1] Templates for your specialty,product screenshot,browser,none,860,850,11385,imported,matches the current UI,/features/emr/
src/assets/images/screens/visit-template-builder.png,362,https://www.easyclinic.io/wp-content/uploads/2025/01/1-9.png,2025-01,Visit template builder with each section set visible or mandatory,/solutions/polyclinic/ sections[1] items[1] Your own forms and print layouts,product screenshot,browser,none,1153,822,14172,imported,matches the current UI,/features/emr/
src/assets/images/screens/prescription-drug-interaction.png,352,https://www.easyclinic.io/wp-content/uploads/2025/01/3-4.png,2025-01,Drug-to-drug interaction warning shown while two medicines are on the prescription,"/features/emr/ sections[1] items[2] A warning when two medicines interact ; /specialties/cardiology-emr/ sections[1] items[3] A drug interaction check when you prescribe ; /specialties/general-practitioner-emr/ sections[2] items[3] The prescription, checked and sent",product screenshot,browser,"crop 0,72,1919,890 (drop the browser bar: URL with patient and visit IDs, internal bookmarks)",1919,818,30388,imported,matches the current UI,/features/emr/
src/assets/images/screens/prescription-drug-interaction-dialog.png,352,https://www.easyclinic.io/wp-content/uploads/2025/01/3-4.png,2025-01,"Drug-to-drug interaction dialog: Zocor 10 mg with Biaxin 500 mg, increased statin levels",/ sections[2] steps[3] Prescribe,product screenshot,browser,"crop 840,96,1360,324 of the old file (840,24,1360,252 of prescription-drug-interaction.png): the Interaction dialog only, so it reads in the ~280 px journey column",520,228,4661,imported,matches the current UI,/features/emr/
migration/images/held/prescription-drug-allergy-warning.png,353,https://www.easyclinic.io/wp-content/uploads/2025/01/4-2.png,2025-01,Drug-to-allergy warning: Inderal with a recorded dust allergy,not placed; held (review 2026-09-28): no published row describes an allergy check that is part of a plan (the site gives allergy checks to CuraPilot); the cardiology row now uses prescription-drug-interaction.png,product screenshot,browser,none,1824,806,21879,"held in migration/images/held/, not placed",matches the current UI,/features/emr/
migration/images/held/emr-visit-summary-lab-trend.png,36,https://www.easyclinic.io/wp-content/uploads/2024/01/EMR_Carousal_1.png,2024-01,"Visit record with complaints, history, vitals, diagnosis, medicines and a haemoglobin trend chart",not placed; held (review 2026-09-28): shows the unmasked mobile +91 8888800000 beside a patient name; was on /solutions/solo-clinic/,product screenshot,none,"crop 0,35,2000,1713 (drop the blue bar)",2000,1678,143411,"held in migration/images/held/, not placed",replace with the demo-tenant capture,/ /countries/ /pricing/india/
src/assets/images/screens/emr-facesheet-last-visit.png,38,https://www.easyclinic.io/wp-content/uploads/2024/01/EMR_Carousal_3.png,2024-01,"Facesheet with conditions, procedures, hospital history and lifestyle, beside a summary of the last visit",/specialties/general-practitioner-emr/ sections[1] items[0] The facesheet and the history,product screenshot,none,"crop 0,120,1960,1200 (drop the blue bar and the empty lower half)",1960,1080,117748,imported,matches the current UI,/ /countries/ /pricing/india/
migration/images/held/curapilot-clinical-decision-alert.webp,115,https://www.easyclinic.io/wp-content/uploads/2025/07/Frame-1-1-scaled.webp,2025-07,"Clinical decision alert: a provisional urinary infection in a pregnant patient may be pyelonephritis, with the reason, the suggested action and an Acknowledge button","not placed; held (review 2026-09-28): the product has an ""AI Consult"" button and panel on the same consult screen, and it is not confirmed that this alert is CuraPilot rather than AI Consult, the tool in the Penda Health study (plan 10 Q6); was on /ai/, the /curapilot/ hero and /kenyademo/",product screenshot,none,none,1920,978,77248,"held in migration/images/held/, not placed","product confirms the ""Clinical decision"" alert is CuraPilot and not the ""AI Consult"" panel",/ai/
src/assets/images/screens/consult-voice-transcription.webp,117,https://www.easyclinic.io/wp-content/uploads/2025/07/Frame-3-scaled.webp,2025-07,"Complaints, allergies and comorbidities picked out beside a recorded doctor-patient conversation and its transcript",/ai/ sections[0] items[0] Writes the note while you talk,product screenshot,none,none,1920,1394,89414,imported,matches the current UI,/ai/
src/assets/images/screens/invoice-part-payment-balance.png,105,https://www.easyclinic.io/wp-content/uploads/2024/01/Invoice_Feature_01.png,2024-01,"Invoice balance: 950 invoiced, 800 paid in cash, 150 still due",/features/billing/ sections[3] items[0] Part payments and advances ; /indiademo/ sections[2] items[2] Billing and payments,product screenshot,none,"crop 15,688,279,1031 (Invoice balance panel with its whole border)",264,343,7397,imported,matches the current UI,/ayurveda-clinic-management-software/ /cardiology-emr/ /dental-emr-software/ /dermatology-emr-software/ /ent-emr-software/ /features/ /features/lab/ /general-practitioner-emr/ ...
migration/images/held/invoice-print-and-send.png,105,https://www.easyclinic.io/wp-content/uploads/2024/01/Invoice_Feature_01.png,2024-01,"Invoice for a consultation and a blood count with Print, Email, WhatsApp, Download and SMS buttons",not placed; held (review 2026-09-28): shows the unmasked mobile 9900000000 (ten digits starting with 9; plan 5.3 and 9 ask for masked or undiallable numbers); was on / and /features/billing/,product screenshot,none,"crop 281,448,889,1060 (commercial invoice inside its border; starts right of the Invoice balance panel, which overlaps its left edge)",608,612,21916,"held in migration/images/held/, not placed",replace with the demo-tenant capture,/ayurveda-clinic-management-software/ /cardiology-emr/ /dental-emr-software/ /dermatology-emr-software/ /ent-emr-software/ /features/ /features/lab/ /general-practitioner-emr/ ...
src/assets/images/screens/invoice-lines-from-orders.png,272,https://www.easyclinic.io/wp-content/uploads/2024/12/22-2.png,2024-12,"Invoice with a consultation, a blood count and a chest X-ray as separate lines, and an Add payor button",/features/billing/ sections[2] items[1] The doctor's orders arrive on the bill,product screenshot,browser,none,1763,788,17091,imported,matches the current UI,/features/reports-and-dashboards/
migration/images/held/daily-collection-report.png,463,https://www.easyclinic.io/wp-content/uploads/2024/12/12.png,2024-12,"Daily collection report listing invoices, amounts paid and due, payment mode and status","not placed; held (review 2026-09-28): the ""Bellevue Clinic"" redactions leave the Location filter and every Location cell empty while the filter shows as applied; was on /, /features/billing/, /features/revenue-management/ and /solutions/solo-clinic/",product screenshot,browser,"redact ""Bellevue Clinic"" in the location filter (492,225,623,245) and in the six Location cells (x 1436-1565, y 470-795)",1825,826,31874,"held in migration/images/held/, not placed",replace with the demo-tenant capture,/solutions/
src/assets/images/screens/invoice-permissions-pii.png,266,https://www.easyclinic.io/wp-content/uploads/2024/12/52-1.png,2024-12,"Invoice permissions for administrator, doctor and nurse, and a setting that shows personal details masked",/features/revenue-management/ sections[2] items[4] Who can see the money,product screenshot,none,"crop 0,0,900,425 (permissions and PII panels; drop the legacy workflow panel)",900,425,40524,imported,matches the current UI,/features/reports-and-dashboards/
src/assets/images/screens/payer-exclusions.png,436,https://www.easyclinic.io/wp-content/uploads/2024/09/Payor-5.png,2024-09,"Payer exclusions: a dental procedure category, X-rays, malaria tests and some medicines",not placed yet; planned for /features/insurance-claims/ sections[2] items[0] A profile for each payer,product screenshot,none,"crop 176,30,1085,740 (drop the ""Jubilee""/44xxxxxx44 background and the extension icon)",,,,"conditional, not imported","capture came from a test tenant, not a client's",/features/insurance-claims/ /features/revenue-management/
src/assets/images/screens/payer-plan-category-rule.png,435,https://www.easyclinic.io/wp-content/uploads/2024/09/Payor-4.png,2024-09,"Category rule with a maximum cover, a co-payment percentage and patient gender and age rules",not placed yet; planned for /features/insurance-claims/ sections[2] items[1] Plan categories inside each payer,product screenshot,none,"crop 87,43,939,744 (the modal)",,,,"conditional, not imported","capture came from a test tenant, not a client's",/features/insurance-claims/ /features/revenue-management/
src/assets/images/screens/payer-exclusion-check.png,433,https://www.easyclinic.io/wp-content/uploads/2024/09/Payor-12.png,2024-09,Message saying dental is excluded for this payer and offering to move the line to another payer,"not placed yet; planned for /features/insurance-claims/ sections[2] items[3] One visit, two payers",product screenshot,none,"crop 419,321,1349,632 (the ""Not allowed!"" modal)",,,,"conditional, not imported","capture came from a test tenant, not a client's",/features/insurance-claims/ /features/revenue-management/
migration/images/held/payer-price-list.png,292,https://www.easyclinic.io/wp-content/uploads/2024/01/7_Invoice.png,2024-01,A TPA's selling price list with the applied price for each investigation,"not placed; held (review 2026-09-28): prints ""Allied TPA Pricelist"", a third-party name not confirmed as invented (plan 10 Q5); was on /features/insurance-claims/, /features/revenue-management/ and /indiademo/",product screenshot,none,"crop 18,530,886,995 (selling price list only; drop payor form, AIA, BI charts and gauges)",868,465,16107,"held in migration/images/held/, not placed","""Allied TPA"" is an invented name",/features/ /solutions/clinic-chain/ /solutions/hospital-opd/
migration/images/held/lab-results-abnormal.png,298,https://www.easyclinic.io/wp-content/uploads/2024/01/12_Investigation_2.png,2024-01,"Blood count results on the chart, marked abnormal, with a trend icon beside each value","not placed; held (review 2026-09-28): prints ""Lab: Ashok Lab"", a third-party name not confirmed as invented; was on /, /features/lab/, /solutions/polyclinic/ and /indiademo/",product screenshot,none,"crop 0,0,860,510 (results panel; drop the entry form and the workflow overlay)",860,510,21485,"held in migration/images/held/, not placed","""Ashok Lab"" is an invented name",/features/ /solutions/clinic-chain/ /solutions/hospital-opd/ /solutions/polyclinic/
src/assets/images/screens/lab-investigation-profiles.png,349,https://www.easyclinic.io/wp-content/uploads/2025/01/3-3.png,2025-01,Investigation picker with test profiles such as coronary artery disease that expand into their tests,/features/lab/ sections[2] items[0] A test catalog with your own packages,product screenshot,browser,"crop 40,200,1110,670 (investigations panel; drops the patient header and the ""AI Consult"" toolbar)",1070,470,23584,imported,matches the current UI,/features/emr/
src/assets/images/screens/lab-billable-on-sample-collected.png,561,https://www.easyclinic.io/wp-content/uploads/2024/11/ORD2.png,2024-11,Order settings adding the test to the bill when the sample is collected,/features/lab/ sections[2] items[7] Billing the tests,product screenshot,browser,none,988,497,12989,imported,matches the current UI,/features/revenue-management/
src/assets/images/screens/locations-list.png,284,https://www.easyclinic.io/wp-content/uploads/2024/01/19_Multi_location.png,2024-01,Locations list with three clinics under one account,/features/multi-location/ sections[1] items[0] Each branch is a location in one account ; /solutions/clinic-chain/ sections[2] items[2] A new branch goes live on the same record,product screenshot,none,"crop 270,15,720,402 (Locations panel; no cartoon background)",450,387,6040,imported,matches the current UI,/features/ /solutions/clinic-chain/
src/assets/images/screens/stock-transfer-between-branches.png,284,https://www.easyclinic.io/wp-content/uploads/2024/01/19_Multi_location.png,2024-01,Stock transfer form from the Delhi clinic's dispensing room to the Mumbai clinic,/features/multi-location/ sections[1] items[5] Stock moved between branches ; /features/pharmacy-and-inventory/ sections[2] items[3] Stock transfers between branches ; /solutions/clinic-chain/ sections[2] items[1] Stock that moves between branches,product screenshot,none,"crop 1230,773,1680,1068 (Add stock transfer panel)",450,295,11669,imported,matches the current UI,/features/ /solutions/clinic-chain/
src/assets/images/screens/role-permissions.png,107,https://www.easyclinic.io/wp-content/uploads/2024/01/18_User.png,2024-01,"Permissions by role, with appointment access limited to the location or the organisation","/features/multi-location/ sections[1] items[2] One login for each person, at whichever branch they work",product screenshot,none,"crop 498,390,1255,690 (permission management + appointment permissions; drops the staff e-mail, registration number and roster)",757,300,18946,imported,matches the current UI,/ayurveda-clinic-management-software/ /cardiology-emr/ /dental-emr-software/ /dermatology-emr-software/ /ent-emr-software/ /features/ /features/lab/ /general-practitioner-emr/ ...
src/assets/images/screens/patient-self-registration-phone.png,501,https://www.easyclinic.io/wp-content/uploads/2024/09/2.3.png,2024-09,"Registration form open on a phone: name, gender, date of birth, mobile, blood group and address",/features/patient-engagement/ sections[2] items[3] A registration form the patient fills in at home,product screenshot,phone,"redact the mobile number 95xxxxxx65: box 200,828,352,853",714,1599,62409,imported,"product form reads ""Welcome to Easy Clinic""",/features/patient-engagement/
src/assets/images/screens/whatsapp-registration-link-phone.png,500,https://www.easyclinic.io/wp-content/uploads/2024/09/2.2-1.png,2024-09,"WhatsApp message from the clinic asking the patient to register before the visit, with the link removed from this capture",/features/whatsapp/ sections[1] items[5] A registration link before the first visit,product screenshot,phone,"redact the live short link (4dqo.short.gy/...): boxes 190,324,409,351 and 32,351,119,378",571,1280,173544,imported,"message footer reads ""Powered by Easy Clinic""",/features/patient-engagement/
src/assets/images/screens/feedback-request-activity.png,504,https://www.easyclinic.io/wp-content/uploads/2024/09/4.2.png,2024-09,"Feedback timeline: score requested, score received, comment received, follow-up sent",/features/whatsapp/ sections[1] items[4] A feedback request after the visit,product screenshot,none,none,500,787,29253,imported,matches the current UI,/features/patient-engagement/
src/assets/images/screens/prescription-send-actions.png,366,https://www.easyclinic.io/wp-content/uploads/2025/01/2-11.png,2025-01,"Prescription with Email, WhatsApp, Download and SMS highlighted","/features/whatsapp/ sections[1] items[1] The prescription, after the consult",product screenshot,browser,"redact ""(Reg no: 70472WBMC)"" 245,232,443,259 and the clinic logo 884,215,947,271",1127,751,26773,imported,matches the current UI,/features/emr/
src/assets/images/screens/cardiology-prescription.png,335,https://www.easyclinic.io/wp-content/uploads/2025/01/Prescription-2-24.png,2025-01,"Cardiology prescription with Print, Email, WhatsApp, Download and SMS buttons",/specialties/cardiology-emr/ sections[3] items[3] The prescription goes home on paper or on WhatsApp,product screenshot,browser,"redact ""(Reg no: 70472WBMC)"" 245,225,443,252 and the clinic logo 884,208,947,264",1126,751,25988,imported,matches the current UI,/features/emr/
migration/images/held/pharmacy-dispense-from-prescription.png,296,https://www.easyclinic.io/wp-content/uploads/2024/01/11_Pharmacy_2.png,2024-01,Dispensing screen with the batch and expiry of each medicine and the prescription's refills,"not placed; held (review 2026-09-28): shows the unmasked mobile +91 9900000000 beside a patient name; was on /, /features/pharmacy-and-inventory/ and /indiademo/",product screenshot,none,"crop 0,0,1499,358 (dispense line with batch and expiry, open-prescription refills; stops above the legacy workflow overlay, whose border starts at y 361)",1499,358,27815,"held in migration/images/held/, not placed",replace with the demo-tenant capture,/features/ /solutions/clinic-chain/ /solutions/hospital-opd/ /solutions/polyclinic/
migration/images/held/stock-batch-expiry-reorder.png,276,https://www.easyclinic.io/wp-content/uploads/2024/12/42-2.png,2024-12,"Stock by batch with its expiry date, and reorder levels on the item list","not placed; held (review 2026-09-28): the ""Bellevue Clinic"" redactions leave a broken ""QoH ()"" label and an empty Locations cell, which read as product bugs; was on /features/pharmacy-and-inventory/",product screenshot,browser,"redact ""Bellevue Clinic"" in three places: the QoH heading 944,108,1068,130; the location filter 609,249,738,267; the Locations cell 687,477,815,495",1825,819,25349,"held in migration/images/held/, not placed",replace with the demo-tenant capture,/features/reports-and-dashboards/
migration/images/held/requisition-and-purchase-order.png,295,https://www.easyclinic.io/wp-content/uploads/2024/01/10_02_Logistics.png,2024-01,"Requisition and purchase order with supplier, quantities, goods receipt and delivery status","not placed; held (review 2026-09-28): prints the supplier ""Quick Service Pharmacy"", not confirmed as invented, and the redactions leave the PO's Supplier, Requested by and Ordered by fields empty; was on /features/pharmacy-and-inventory/",product screenshot,none,"redact the requester and orderer name ""Vivek Singh"" (516,191,601,211 and 1051,132,1155,152) and the supplier ""Sun Pharma"", a real company (699,134,788,186 and 443,386,533,403); then crop 14,20,1485,420 (requisition and PO panels; drop the KPI tiles, charts and the orange tile borders)",1471,400,34066,"held in migration/images/held/, not placed",replace with the demo-tenant capture,/features/ /solutions/clinic-chain/ /solutions/hospital-opd/
src/assets/images/screens/finance-analytics-branch.png,555,https://www.easyclinic.io/wp-content/uploads/2024/11/4-3.png,2024-11,"Finance dashboard for one branch: revenue, outstanding, revenue by service and by day",/features/reports-and-dashboards/ sections[1] items[0] Revenue for each branch and for the group,product screenshot,browser,none,1811,799,31809,imported,matches the current UI,/features/reports-and-dashboards/
src/assets/images/screens/inventory-valuation-report.png,551,https://www.easyclinic.io/wp-content/uploads/2024/09/1-3.png,2024-09,"Inventory valuation report by product and batch with expiry, quantity, average cost and value","/features/reports-and-dashboards/ sections[1] items[4] Stock, where the clinic runs a pharmacy",product screenshot,browser,none,1455,847,36854,imported,matches the current UI,/features/reports-and-dashboards/
src/assets/images/screens/clinical-analytics.png,554,https://www.easyclinic.io/wp-content/uploads/2024/11/5-1.png,2024-11,Clinical dashboard with first and repeat visits and the ten commonest diagnoses and complaints,/features/reports-and-dashboards/ sections[1] items[6] Clinical cases across every branch,product screenshot,browser,none,1829,695,25774,imported,matches the current UI,/features/reports-and-dashboards/
src/assets/images/screens/reports-library.png,550,https://www.easyclinic.io/wp-content/uploads/2024/09/2-1.png,2024-09,"Report library with a search box, a category filter and each report listed with its category","/features/reports-and-dashboards/ sections[3] items[1] Filters, and reports of your own",product screenshot,browser,"crop 73,0,660,847 (drop the ""Last access by"" names)",587,847,16055,imported,matches the current UI,/features/reports-and-dashboards/
src/assets/images/screens/report-pdf-export.webp,258,https://www.easyclinic.io/wp-content/uploads/2024/12/4-1.webp,2024-12,Inventory valuation report exported as a PDF and open in a PDF viewer,/features/reports-and-dashboards/ sections[3] items[2] Excel and PDF,product screenshot,browser,"crop 0,0,1445,270 (PDF viewer toolbar with the file name and page count, and the top rows of page 1; the Excel window and its Document Recovery pane cover everything below y 283, including most of the plan box 405,60,1355,735); WebP quality 90",1445,270,28688,imported,matches the current UI,/features/reports-and-dashboards/
src/assets/images/screens/specialty-templates-on-one-chart.png,364,https://www.easyclinic.io/wp-content/uploads/2025/01/4-5.png,2025-01,"Examination section with General, Endocrinology and Family Physician templates as tabs on one visit",/solutions/polyclinic/ sections[1] items[0] Specialty templates on one chart,product screenshot,browser,"crop 40,210,1110,860 (examination panel; drop the ""AI Consult"" toolbar)",1070,650,23761,imported,matches the current UI,/features/emr/
src/assets/images/screens/ayurveda-prakriti-assessment.png,150,https://www.easyclinic.io/wp-content/uploads/2025/01/Ayurveda_EXM.png,2025-01,"Prakriti assessment form with Vata, Pitta and Kapha options for body type, skin, hair, appetite and sleep",/specialties/ayurveda-clinic-management-software/ sections[1] items[3] Your own case sheet for Prakriti and Nadi Pariksha,product screenshot,browser,"crop 0,68,1269,749 (drop the blue toolbar with ""AI Co-pilot"" and the faded ""Eye Examination"" rows at the foot)",1269,681,21891,imported,matches the current UI,/ayurveda-clinic-management-software/
src/assets/images/screens/fasting-glucose-trend.png,344,https://www.easyclinic.io/wp-content/uploads/2025/01/2-2.png,2025-01,Fasting blood glucose readings plotted by date,/specialties/cardiology-emr/ sections[1] items[1] Blood pressure and lab values as trend charts,product screenshot,browser,none,1046,713,19596,imported,matches the current UI,/features/emr/
src/assets/images/screens/medical-history-risk-factors.png,351,https://www.easyclinic.io/wp-content/uploads/2025/01/2-5.png,2025-01,"Medical history form with hypertension, hyperlipidaemia, diabetes, a CABG and heavy smoking",/specialties/cardiology-emr/ sections[1] items[2] The history and risk factors on the facesheet,product screenshot,browser,none,1042,665,16805,imported,matches the current UI,/features/emr/
src/assets/images/screens/visit-follow-up-and-guidelines.png,345,https://www.easyclinic.io/wp-content/uploads/2025/01/1-4.png,2025-01,"Visit note with stable angina, ECG, echo, lipid profile and treadmill test ordered, medicines, the next follow-up date and advice","/specialties/cardiology-emr/ sections[1] items[4] Follow-ups set in the note, with reminders",product screenshot,browser,none,1224,852,21314,imported,matches the current UI,/features/emr/
src/assets/images/screens/cardiology-cvs-examination.png,169,https://www.easyclinic.io/wp-content/uploads/2025/01/Cardiology_EXM.png,2025-01,Cardiovascular examination form with the vitals and the latest lab values above it,"/specialties/cardiology-emr/ sections[3] items[1] The consult, by point and click",product screenshot,browser,"crop 0,68,1269,871 (drop the blue toolbar with ""AI Co-pilot"" and the faded ""Eye Examination"" rows at the foot)",1269,803,22543,imported,matches the current UI,/cardiology-emr/
src/assets/images/screens/dental-oral-examination.png,320,https://www.easyclinic.io/wp-content/uploads/2025/01/Dental_EXM.png,2025-01,"Oral examination form: gums, teeth, plaque, alignment, soft tissues and the jaw joint",/specialties/dental-emr-software/ sections[1] items[4] Your own forms and print layouts,product screenshot,browser,"crop 0,68,1269,811 (drop the blue toolbar with ""AI Co-pilot"" and the faded ""Eye Examination"" rows at the foot)",1269,743,21990,imported,matches the current UI,/dental-emr-software/
src/assets/images/screens/dermatology-skin-assessment.png,102,https://www.easyclinic.io/wp-content/uploads/2024/12/Aesthetic_EXM-2.png,2024-12,"Skin examination form: overall skin condition, skin type and skin colour","/specialties/dermatology-emr-software/ sections[1] items[1] Skin type, allergies and past treatments",product screenshot,browser,"crop 0,81,1269,656 (drop the blue toolbar with ""AI Co-pilot"" and the faded ""Eye Examination"" rows at the foot)",1269,575,12516,imported,matches the current UI,/countries/ /dermatology-emr-software/ /pricing/india/
src/assets/images/screens/dermatology-lesion-template.png,326,https://www.easyclinic.io/wp-content/uploads/2025/01/Dermatology_EXM.png,2025-01,"Skin lesion template: distribution, type of lesion, colour, surface and borders",/specialties/dermatology-emr-software/ sections[1] items[4] Specialty templates and your own forms,product screenshot,browser,"crop 0,68,1269,635 (drop the blue toolbar with ""AI Co-pilot"" and the faded ""Eye Examination"" rows at the foot)",1269,567,16321,imported,matches the current UI,/dermatology-emr-software/
src/assets/images/screens/ent-ear-examination.png,393,https://www.easyclinic.io/wp-content/uploads/2025/01/ENT_EXM.png,2025-01,"Ear examination form for the left and right ear, with tympanic membrane and tuning fork findings","/specialties/ent-emr-software/ sections[1] items[1] ENT templates, with the ear examination form",product screenshot,browser,"crop 0,68,1269,872 (drop the blue toolbar with ""AI Co-pilot"" and the faded ""Eye Examination"" rows at the foot)",1269,804,31159,imported,matches the current UI,/ent-emr-software/
src/assets/images/screens/attend-visit-point-and-click.png,471,https://www.easyclinic.io/wp-content/uploads/2024/12/52.png,2024-12,"Consult screen with complaints, vitals, a notes editor and the facesheet",/specialties/general-practitioner-emr/ sections[2] items[2] In the consult: point and click,product screenshot,browser,"crop 40,190,1780,822 (drop the ""AI Consult"" toolbar)",1740,632,32323,imported,matches the current UI,/solutions/
src/assets/images/screens/visit-workflow-with-triage.png,337,https://www.easyclinic.io/wp-content/uploads/2025/01/Workflow.png,2025-01,"Visit workflow from registration to triage to the doctor, with the moves allowed at each step",/specialties/general-practitioner-emr/ sections[2] items[1] Before the consult: triage,product screenshot,browser,none,1271,815,22990,imported,matches the current UI,/features/emr/
src/assets/images/screens/longitudinal-visit-comparison.png,170,https://www.easyclinic.io/wp-content/uploads/2025/01/Longitudinal-View.png,2025-01,"Two visits side by side with vitals, abnormal values in red, and the diagnosis",/specialties/general-practitioner-emr/ sections[1] items[1] Chronic conditions over the years,product screenshot,browser,none,1546,759,15559,imported,matches the current UI,/cardiology-emr/
src/assets/images/screens/diabetic-foot-examination.png,327,https://www.easyclinic.io/wp-content/uploads/2024/03/Diabetology_Examination_Template.png,2024-03,"Diabetic foot examination for each foot, with the latest glucose and HbA1c above it",/specialties/general-practitioner-emr/ sections[1] items[4] Your own templates for the conditions you see most,product screenshot,browser,"crop 0,68,1269,869 (drop the blue toolbar with ""AI Co-pilot"" and the faded ""Eye Examination"" rows at the foot)",1269,801,29127,imported,matches the current UI,/specialties/
src/assets/images/screens/psychiatry-observations-form.png,532,https://www.easyclinic.io/wp-content/uploads/2024/12/Psychiatry_EXM-2.png,2024-12,"Observation form: appearance, speech, eye contact, motor activity, affect and mood",/specialties/mental-health/ sections[1] items[1] Session notes and treatment plans,product screenshot,browser,"crop 0,81,1269,804 (drop the blue toolbar with ""AI Co-pilot"" and the faded ""Eye Examination"" rows at the foot)",1269,723,19585,imported,matches the current UI,/mental-health/
src/assets/images/screens/neurology-examination-template.png,457,https://www.easyclinic.io/wp-content/uploads/2024/05/Neurology_EXM.png,2024-05,"Neurological examination form: orientation, optic discs, sensation, vibration, reflexes and coordination",/specialties/neurology-emr/ sections[1] items[0] Neurological examination templates,product screenshot,browser,"crop 0,68,1269,871 (drop the blue toolbar with ""AI Co-pilot"" and the faded ""Eye Examination"" rows at the foot)",1269,803,23512,imported,matches the current UI,/neurology-emr/
migration/images/held/prescription-print-language-neurology.png,456,https://www.easyclinic.io/wp-content/uploads/2024/05/Neurology-1.png,2024-05,"Prescription with a print-language list: Bangla, English, Hindi, Marathi and Tamil",not placed; held (review 2026-09-28): shows the unconfirmed print-language list (facts-needed P24); was on /specialties/neurology-emr/,product screenshot,none,none (designed composite of real UI),800,1175,37274,"held in migration/images/held/, not placed",which print languages the prescription supports (facts-needed P24),/neurology-emr/
src/assets/images/screens/pregnancy-calculator-weeks.png,357,https://www.easyclinic.io/wp-content/uploads/2025/01/4-3.png,2025-01,Pregnancy calculator listing each week of the first trimester by date,"/specialties/obgyn-emr-software/ sections[1] items[0] The pregnancy record, visit by visit",product screenshot,browser,none,996,856,13400,imported,matches the current UI,/features/emr/
src/assets/images/screens/obstetric-history.png,355,https://www.easyclinic.io/wp-content/uploads/2025/01/2-6.png,2025-01,"Obstetric history: pregnancies, births, miscarriages and terminations, with the patient marked pregnant",/specialties/obgyn-emr-software/ sections[1] items[1] Obstetric and menstrual history on the facesheet,product screenshot,browser,"crop 40,210,1110,750 (Obs Gynae panel; drops the patient header with a mobile number and the ""AI Consult"" toolbar)",1070,540,8266,imported,matches the current UI,/features/emr/
src/assets/images/screens/eyeglass-prescription.png,354,https://www.easyclinic.io/wp-content/uploads/2025/01/1-7.png,2025-01,"Glass prescription with sphere, cylinder, axis and visual acuity for each eye, distance and near",/specialties/ophthalmology-emr/ sections[1] items[2] Eyeglass prescriptions from the chart,product screenshot,browser,"crop 40,120,1110,615 (drop the ""AI Consult"" toolbar)",1070,495,12013,imported,matches the current UI,/features/emr/
src/assets/images/screens/orthopaedic-examination-template.png,488,https://www.easyclinic.io/wp-content/uploads/2024/05/Orthopedics_EXM.png,2024-05,"Orthopaedic examination form with deformity, position and imaging fields",/specialties/orthopedic-emr/ sections[1] items[0] Orthopaedic history and templates,product screenshot,browser,"crop 0,68,1269,869 (drop the blue toolbar with ""AI Co-pilot"" and the faded ""Eye Examination"" rows at the foot)",1269,801,20773,imported,matches the current UI,/orthopedic-emr/
migration/images/held/prescription-print-language-orthopaedics.png,487,https://www.easyclinic.io/wp-content/uploads/2024/05/Orthopedics-1.png,2024-05,Osteoarthritis consult with medicines and the dosage picker,not placed; held (review 2026-09-28): shows the unconfirmed print-language list (facts-needed P24); was on /specialties/orthopedic-emr/,product screenshot,none,none (designed composite of real UI),800,1200,38960,"held in migration/images/held/, not placed",which print languages the prescription supports (facts-needed P24),/orthopedic-emr/
migration/images/held/paediatric-face-sheet.png,513,https://www.easyclinic.io/wp-content/uploads/2024/12/Prescription-3-4.png,2024-12,Five-year-old patient's profile with the face sheet and a summary of the last visit,"not placed; held (review 2026-09-28): the redaction leaves ""Registered at"" with no value; was on /specialties/pediatric-emr/",product screenshot,browser,"redact ""#00003 - Bellevue Clinic"": box 390,416,607,434",1269,812,40287,"held in migration/images/held/, not placed",replace with the demo-tenant capture,/pediatric-emr/
src/assets/images/people/girish-mohata/photo.jpg,84,https://www.easyclinic.io/wp-content/uploads/2024/01/Girish_Mohata1.jpg,2024-01,"Headshot of Girish Mohata, Founder and CEO",/about-us/ leadership (new peopleGrid block); author byline (photo path listed for the data file in the engineering handoff; not yet set),person photo,,none (500x600),500,600,20029,imported,photo is current,/about-us/
src/assets/images/people/mrinal-pasari/photo.jpg,85,https://www.easyclinic.io/wp-content/uploads/2024/01/Mrinal_Pasari1.jpg,2024-01,"Headshot of Mrinal Pasari, Co-founder",/about-us/ leadership (new peopleGrid block); author byline (photo path listed for the data file in the engineering handoff; not yet set),person photo,,none (500x600),500,600,15047,imported,photo is current,/about-us/
src/assets/images/people/vikas-malpani/photo.jpg,86,https://www.easyclinic.io/wp-content/uploads/2024/01/Vikas_Malpani1.jpg,2024-01,"Headshot of Vikas Malpani, Director, business growth and strategy",/about-us/ leadership (new peopleGrid block); author byline (photo path listed for the data file in the engineering handoff; not yet set),person photo,,none (499x600),499,600,20401,imported,photo is current,/about-us/
src/assets/images/people/gaurab-chatterjee/photo.png,87,https://www.easyclinic.io/wp-content/uploads/2024/01/Gaurab.png,2024-01,"Headshot of Gaurab Chatterjee, Head of software development",/about-us/ leadership (new peopleGrid block); author byline (photo path listed for the data file in the engineering handoff; not yet set),person photo,,none (457x546),457,546,54217,imported,photo is current,/about-us/
src/assets/images/people/subhashish-saha/photo.png,88,https://www.easyclinic.io/wp-content/uploads/2024/01/Subhashish.png,2024-01,"Headshot of Subhashish Saha, Head of customer success",/about-us/ leadership (new peopleGrid block); author byline (photo path listed for the data file in the engineering handoff; not yet set),person photo,,none (463x539),463,539,50452,imported,photo is current,/about-us/
src/assets/images/people/hisham-ismail/photo.jpg,280,https://www.easyclinic.io/wp-content/uploads/2025/09/Mr.-Hisham-Ismail.jpg,2025-09,"Headshot of Hisham Ismail, Group CIO, Qualitas Health","testimonial photo in Quote, shown only once photoConsent is true (photo path listed for the data file in the engineering handoff; not yet set)",person photo,,none (444x444),444,444,16813,imported; shown only once photoConsent is true,he supplied or approved the photo,/countries/ /pricing/india/
src/assets/images/people/foster-akaketwa/photo.jpg,281,https://www.easyclinic.io/wp-content/uploads/2025/09/Mr.-Foster-Akaketwa.jpg,2025-09,"Headshot of Foster Akaketwa, Group CIO, CIMAS Health","testimonial photo in Quote, shown only once photoConsent is true (photo path listed for the data file in the engineering handoff; not yet set)",person photo,,resize 800x800 to 600x600 (Lanczos); JPEG quality 92,600,600,81614,imported; shown only once photoConsent is true,he supplied or approved the photo,/countries/ /pricing/india/
src/assets/images/people/premanand-raya/photo.jpg,523,https://www.easyclinic.io/wp-content/uploads/2025/01/Dr.-Premananda-Raya.jpg,2025-01,"Headshot of Dr Premanand Raya, Pulmonologist","testimonial photo in Quote, shown only once photoConsent is true (photo path listed for the data file in the engineering handoff; not yet set)",person photo,,none (470x538),470,538,11940,imported; shown only once photoConsent is true,he supplied or approved the photo; spelling Premanand or Premananda,/pricing/ /specialties/
src/assets/images/people/tl-prabhu/photo.jpg,73,https://www.easyclinic.io/wp-content/uploads/2024/01/Dr._T._L._Prabhu.png,2024-01,"Headshot of Dr T. L. Prabhu, Chief Physician and Managing Director, Prashanthi Clinic","testimonial photo in Quote, shown only once photoConsent is true (photo path listed for the data file in the engineering handoff; not yet set)",person photo,,"crop 15,12,258,293 (the grey and white frame); PNG saved as JPEG quality 92",243,281,17868,imported; shown only once photoConsent is true,he supplied or approved the photo,/ /about-us/ /countries/ /customers/
src/assets/images/people/sanjay-teotia/photo.jpg,110,https://www.easyclinic.io/wp-content/uploads/2024/01/Dr.-Sanjay-Teotia.jpg,2024-01,"Headshot of Dr Sanjay Teotia, General physician","testimonial photo in Quote, shown only once photoConsent is true (photo path listed for the data file in the engineering handoff; not yet set)",person photo,,none (224x300),224,300,11110,imported; shown only once photoConsent is true,he supplied or approved the photo,/ayurveda-clinic-management-software/ /cardiology-emr/ /dental-emr-software/ /dermatology-emr-software/ /ent-emr-software/ /features/ /features/emr/ /features/lab/ ...
src/assets/images/people/tarun-mishra/photo.jpg,79,https://www.easyclinic.io/wp-content/uploads/2024/01/Dr._Tarun_Mishra.jpg,2024-01,"Headshot of Dr Tarun Mishra, Director, City Hospital","testimonial photo in Quote, shown only once photoConsent is true (photo path listed for the data file in the engineering handoff; not yet set)",person photo,,none (235x214),235,214,6233,imported; shown only once photoConsent is true,he supplied or approved the photo,/ /about-us/ /countries/ /customers/ /pricing/india/
src/assets/images/people/siddhartha-ghosh/photo.jpg,111,https://www.easyclinic.io/wp-content/uploads/2024/01/DR-SIDDHARTHA-GHOSH.jpg,2024-01,"Headshot of Dr Siddhartha Ghosh, Senior ophthalmologist, Global Eye Hospital","testimonial photo in Quote, shown only once photoConsent is true (photo path listed for the data file in the engineering handoff; not yet set)",person photo,,none (251x199),251,199,6593,imported; shown only once photoConsent is true,he supplied or approved the photo,/ayurveda-clinic-management-software/ /cardiology-emr/ /dental-emr-software/ /dermatology-emr-software/ /ent-emr-software/ /features/ /features/emr/ /features/lab/ ...
src/assets/images/people/jj-thakkar/photo.jpg,74,https://www.easyclinic.io/wp-content/uploads/2025/05/1516883523244.jpeg,2025-05,"Headshot of Dr J. J. Thakkar, Lecturer, Aga Khan University; member, British Association of Urological Surgeons, Laser Stone and Endoscopy Centre","testimonial photo in Quote, shown only once photoConsent is true (photo path listed for the data file in the engineering handoff; not yet set)",person photo,,none (372x372),372,372,9724,imported; shown only once photoConsent is true,it is Dr J. J. Thakkar and he supplied or approved it,/ /about-us/ /countries/ /pricing/india/
src/assets/images/clients/caring-minds/logo.jpg,2,https://www.easyclinic.io/wp-content/uploads/2024/01/Caring-Mindsa.jpg,2024-01,Caring Minds logo,"logoStrip on /, /customers/, /solutions/clinic-chain/ and the country demo pages (docs/image-plan.md section 7) (logo path listed for the client record in the engineering handoff; not yet set)",client logo,,"trimmed to the mark plus an even white margin (522x171; the old file was a padded canvas, 600x251)",522,171,39003,imported; shown only once logoPermission is true,logo may be shown,/ /about-us/ /ai/ /best-clinic-management-software-india/ /best-clinic-management-software-kenya/ /countries/ /pricing/india/ /solutions/clinic-chain/
src/assets/images/clients/german-osteo-care/logo.jpg,3,https://www.easyclinic.io/wp-content/uploads/2024/01/German-Osteoa.jpg,2024-01,German Osteo Care logo,"logoStrip on /, /customers/, /solutions/clinic-chain/ and the country demo pages (docs/image-plan.md section 7) (logo path listed for the client record in the engineering handoff; not yet set)",client logo,,"trimmed to the mark plus an even white margin (318x219; the old file was a padded canvas, 600x251)",318,219,20793,imported; shown only once logoPermission is true,logo may be shown,/ /about-us/ /ai/ /best-clinic-management-software-india/ /best-clinic-management-software-kenya/ /countries/ /pricing/india/ /solutions/clinic-chain/
src/assets/images/clients/premier-hospital/logo.jpg,4,https://www.easyclinic.io/wp-content/uploads/2024/01/Premier-Hospital-Dr.Mahesh-Mardaa.jpg,2024-01,"Premier Hospital logo, wordmark only (NABH seal cropped out)","logoStrip on /, /customers/, /solutions/clinic-chain/ and the country demo pages (docs/image-plan.md section 7) (logo path listed for the client record in the engineering handoff; not yet set)",client logo,,"crop 0,70,496,172 (wordmark only; the NABH seal starts at x 502); JPEG quality 92; then trimmed to the mark plus an even white margin (504x89)",504,89,26912,imported; shown only once logoPermission is true,logo may be shown,/ /about-us/ /ai/ /best-clinic-management-software-india/ /best-clinic-management-software-kenya/ /countries/ /pricing/india/ /solutions/clinic-chain/
src/assets/images/clients/prashanthi-super-clinic/logo.jpg,16,https://www.easyclinic.io/wp-content/uploads/2024/01/PRASHANTHI-SUPER-CLINICa.jpg,2024-01,Prashanthi Super Clinic logo,"logoStrip on /, /customers/, /solutions/clinic-chain/ and the country demo pages (docs/image-plan.md section 7) (logo path listed for the client record in the engineering handoff; not yet set)",client logo,,"trimmed to the mark plus an even white margin (600x255; the old file was a padded canvas, 600x250)",600,255,57032,imported; shown only once logoPermission is true,logo may be shown,/ /about-us/ /ai/ /best-clinic-management-software-india/ /best-clinic-management-software-kenya/ /countries/ /pricing/india/ /solutions/clinic-chain/
src/assets/images/clients/ross-clinics/logo.jpg,17,https://www.easyclinic.io/wp-content/uploads/2024/01/ROSS-CLINICSa.jpg,2024-01,Ross Clinics logo,"logoStrip on /, /customers/, /solutions/clinic-chain/ and the country demo pages (docs/image-plan.md section 7) (logo path listed for the client record in the engineering handoff; not yet set)",client logo,,"trimmed to the mark plus an even white margin (449x238; the old file was a padded canvas, 600x250)",449,238,35645,imported; shown only once logoPermission is true,logo may be shown; country,/ /about-us/ /ai/ /best-clinic-management-software-india/ /best-clinic-management-software-kenya/ /countries/ /pricing/india/ /solutions/clinic-chain/
src/assets/images/clients/kem-hospital-mumbai/logo.jpg,18,https://www.easyclinic.io/wp-content/uploads/2024/01/SETH-G-S-K-E-M-HOSPITALa.jpg,2024-01,Seth G S Medical College and K E M Hospital logo,"logoStrip on /, /customers/, /solutions/clinic-chain/ and the country demo pages (docs/image-plan.md section 7) (logo path listed for the client record in the engineering handoff; not yet set)",client logo,,"trimmed to the mark plus an even white margin (276x270; the old file was a padded canvas, 600x250)",276,270,42626,imported; shown only once logoPermission is true,logo may be shown,/ /about-us/ /ai/ /best-clinic-management-software-india/ /best-clinic-management-software-kenya/ /countries/ /pricing/india/ /solutions/clinic-chain/
src/assets/images/clients/cimas-health/logo.jpg,20,https://www.easyclinic.io/wp-content/uploads/2024/01/3aaa.jpg,2024-01,CIMAS Health logo,"logoStrip on /, /customers/, /solutions/clinic-chain/ and the country demo pages (docs/image-plan.md section 7) (logo path listed for the client record in the engineering handoff; not yet set)",client logo,,"trimmed to the mark plus an even white margin (225x211; the old file was a padded canvas, none; soft upscale, ask CIMAS for a vector logo)",225,211,12523,imported; shown only once logoPermission is true,logo may be shown,/ /about-us/ /ai/ /best-clinic-management-software-india/ /best-clinic-management-software-kenya/ /countries/ /pricing/india/ /solutions/clinic-chain/
src/assets/images/clients/qualitas-health/logo.jpg,23,https://www.easyclinic.io/wp-content/uploads/2024/01/5a.jpg,2024-01,Qualitas Health logo,"logoStrip on /, /customers/, /solutions/clinic-chain/ and the country demo pages (docs/image-plan.md section 7) (logo path listed for the client record in the engineering handoff; not yet set)",client logo,,"trimmed to the mark plus an even white margin (566x262; the old file was a padded canvas, none; soft upscale, ask Qualitas for a vector logo)",566,262,41964,imported; shown only once logoPermission is true,logo may be shown,/ /about-us/ /ai/ /best-clinic-management-software-india/ /best-clinic-management-software-kenya/ /countries/ /pricing/india/ /solutions/clinic-chain/
src/assets/images/clients/penda-health/logo.jpg,25,https://www.easyclinic.io/wp-content/uploads/2024/01/2a.jpg,2024-01,Penda Health logo,"logoStrip on /, /customers/, /solutions/clinic-chain/ and the country demo pages (docs/image-plan.md section 7) (logo path listed for the client record in the engineering handoff; not yet set)",client logo,,"trimmed to the mark plus an even white margin (569x208; the old file was a padded canvas, 600x249)",569,208,34057,imported; shown only once logoPermission is true,logo may be shown,/ /about-us/ /ai/ /best-clinic-management-software-india/ /best-clinic-management-software-kenya/ /countries/ /pricing/india/ /solutions/clinic-chain/
